query,model_response,context
ถ้ามีอาการเจ็บหน้าอกและหอบหืดขณะออกกำลังกายควรปรึกษาแพทย์ด้านใด, ข้อมูลที่ให้มาไม่มีข้อมูลเกี่ยวกับอาการเจ็บหน้าอกและหอบหืดขณะออกกำลังกาย ดังนั้นจึงไม่สามารถตอบคำถามได้,"โรคบางอย่างท่ีนำมาด้วยอาการท้องผูก เช่นโรคที่มีไทรอยด์ฮอร์โมนต�่า เด็กมักมีปัญหา พัฒนาการช้าร่วมด้วย ฯลฯ หากสงสัยโรคดังกล่าวควรพาลูกไปพบแพทย์ วิธีการแก้ไข 1.

อ. พญ.ชลัยรัชฎ์ สุขอวยชัยnanปัสสาวะบ่อย ปัสสาวะขัดกระเพาะปัสสาวะอักเสบหรือเปล่า?ศัลยศาสตร์ยูโร

รศ. นพ.เอกรินทร์ โชติกวาณิชย์พุธ 13:00 - 13:30 น. สัปดาห์ที่ 1,2,3,4,5 เสาร์ 09:00 - 12:00 น. สัปดาห์ที่ 1,2,3,4,5ปัสสาวะบ่อย ปัสสาวะขัดกระเพาะปัสสาวะอักเสบหรือเปล่า?โรคนิ่วไต ท่อไต และกระเพาะปัสสาวะ, โรคเนื้องอก ไต ท่อไต และกระเพาะปัสสาวะ

รศ. นพ.อนุพันธ์ ตันติวงศ์จันทร์ 09:30 - 12:00 น. สัปดาห์ที่ 1,2,3,4,5ปัสสาวะบ่อย ปัสสาวะขัดกระเพาะปัสสาวะอักเสบหรือเปล่า?ศัลยศาสตร์ยูโร

ควรพาลกูไปพบกมุารแพทย์เพือ่วิเคราะห์หาสาเหตเุบือ้งต้น และแนวทางแก้ไข รวมถงึพจิารณา ส่งปรึกษาแพทย์ผู้เชี่ยวชาญ ถ้าพบสาเหตุที่ซับซ้อน และต้องการการรักษา และติดตามอย่างเป็นระบบ 2.

4 แพทย์จะพจิารณาส่งตรวจเพ่ิมเตมิเฉพาะในเดก็ท่ีมีปัจจยัเสีย่ง เช่น ภาวะเสีย่งต่อการเจบ็ ป่วยจากวัณโรค HIV การสมัผสัสารตะก่ัว ภาวะโภชนาการเกนิหรอืภาวะทพุโภชนาการ หรอือืน่ๆ เป็นต้น การเลี้ยงดูและการสร้างเสริมสุขภาพ

รศ. นพ.สุนัย ลีวันแสงทองพุธ 14:30 - 15:30 น. สัปดาห์ที่ 1,2,3,4,5 พฤหัสบดี 12:00 - 14:30 น. สัปดาห์ที่ 1,2,3,4,5ปัสสาวะบ่อย ปัสสาวะขัดกระเพาะปัสสาวะอักเสบหรือเปล่า?โรคต่อมลูกหมาก

การกนินมผสมมโีอกาสทีจ่ะเกดิอาการท้องผกูมากกว่ากนินมแม่ เช่ือว่าไขมนัในนมผสมจะรวมตวั กับแคลเซียมในนม เกิดเป็นก้อนแข็งในอุจจาระ ทำให้ไม่อยากถ่ายอุจจาระ และเวลาจะถ่ายอุจจาระจะ ร้องวุน่วายมาก เพราะรอยแผลบาดทีร่กู้น พ่อแม่ไม่ควรท้ิงปัญหาไว้นานจนทำให้ลกูไม่อยากถ่ายอจุจาระ

เกดิจากการตดิเชือ้บางชนดิ อจุจาระค่อนข้างเหลวถ่ายเป็นนำ้พุง่ ก้นแดง และเดก็อาจมอีาการ ท้องอืดร่วมด้วย 2.

ปรึกษาแพทย์ หากสงสัยว่ามีความผิดปกติของร่างกาย เช่น หูอักเสบ ไม่สบาย ฯลฯ 4. พ่อแม่ควรปรับอารมณ์ ไม่เครียดหรือวิตกกังวลมากไป ควรเข้าใจว่าการร้องไห้ของลูกเป็น เรื่องธรรมชาติของทารก หากตรวจแล้วไม่พบความผิดปกติ ปัญหาที่พบบ่อยในเด็กอายุ 0-3 ปี"
ผมมีอาการท้องผูกและอาหารย่อยยากมานานหลายปีต้องไปตรวจอะไร, จากข้อมูลที่ให้มา ไม่ได้ระบุถึงอาการท้องผูกและอาหารย่อยยาก ดังนั้นจึงไม่สามารถตอบคำถามได้,"67 ปัญหาการขับถ่าย ท้องผูก หมายถึง การถ่ายอุจจาระแข็ง เส้นผ่านศูนย์กลางขนาดใหญ่ หรือมีความยากลำบากในการถ่าย อุจจาระ บางครั้งอาจมีเลือดปนในอุจจาระ หรือมีแผลบริเวณทวารหนัก หรือมีการคั่งค้างที่ผิดปกติของ อุจจาระ เป็นปัญหาที่พบได้บ่อย ส่วนใหญ่ไม่ได้เกิดจากความผิดปกติของลำไส้

โรคบางอย่างท่ีนำมาด้วยอาการท้องผูก เช่นโรคที่มีไทรอยด์ฮอร์โมนต�่า เด็กมักมีปัญหา พัฒนาการช้าร่วมด้วย ฯลฯ หากสงสัยโรคดังกล่าวควรพาลูกไปพบแพทย์ วิธีการแก้ไข 1.

การดดูซึมสารอาหารบางอย่างทีผ่ดิปกตไิป เดก็จะเริม่ด้วยอาการท้องเสยี อาจมอีาการเรือ้รงั มากกว่า 2 อาทิตย์ ควรรีบพามาพบแพทย์ แนวทางการแก้ไข ให้เร่ิมกินสารนำ้ทดแทนได้ต้ังแต่เริม่ถ่ายโดยทีล่กูยงัไม่มอีาการขาดนำ้ ลกูทีก่นินมแม่ให้กนินมแม่ ต่อไป ในลูกอายุเกิน 4 เดือนที่เคยกินข้าวแล้ว

เกดิจากการตดิเชือ้บางชนดิ อจุจาระค่อนข้างเหลวถ่ายเป็นนำ้พุง่ ก้นแดง และเดก็อาจมอีาการ ท้องอืดร่วมด้วย 2.

เพราะจะยิง่ทำให้ท้องผกูเป็นมากขึน้ พ่อแม่ควรเพิม่ผกัหรอืผลไม้ในอาหารประจำวันของลกู ถ้าเป็นมาก ควรปรึกษาแพทย์ สาเหตุที่ลูกท้องผูก 1. กินอาหารไม่เหมาะสม กินแต่นมไม่ยอมกินข้าวและผัก การกินนมที่ไม่ถูกสัดส่วน หรือดื่มน�้า น้อย เป็นต้น 2.

รศ. นพ.สุนัย ลีวันแสงทองพุธ 14:30 - 15:30 น. สัปดาห์ที่ 1,2,3,4,5 พฤหัสบดี 12:00 - 14:30 น. สัปดาห์ที่ 1,2,3,4,5ปัสสาวะบ่อย ปัสสาวะขัดกระเพาะปัสสาวะอักเสบหรือเปล่า?โรคต่อมลูกหมาก

รศ. นพ.เอกรินทร์ โชติกวาณิชย์พุธ 13:00 - 13:30 น. สัปดาห์ที่ 1,2,3,4,5 เสาร์ 09:00 - 12:00 น. สัปดาห์ที่ 1,2,3,4,5ปัสสาวะบ่อย ปัสสาวะขัดกระเพาะปัสสาวะอักเสบหรือเปล่า?โรคนิ่วไต ท่อไต และกระเพาะปัสสาวะ, โรคเนื้องอก ไต ท่อไต และกระเพาะปัสสาวะ

รศ. นพ.อนุพันธ์ ตันติวงศ์จันทร์ 09:30 - 12:00 น. สัปดาห์ที่ 1,2,3,4,5ปัสสาวะบ่อย ปัสสาวะขัดกระเพาะปัสสาวะอักเสบหรือเปล่า?ศัลยศาสตร์ยูโร

อ. พญ.ชลัยรัชฎ์ สุขอวยชัยnanปัสสาวะบ่อย ปัสสาวะขัดกระเพาะปัสสาวะอักเสบหรือเปล่า?ศัลยศาสตร์ยูโร

อ. นพ.บรรณสิทธิ์ ไชยประสิทธิ์พุธ 09:00 - 12:00 น. สัปดาห์ที่ 1,2,3,4,5 พฤหัสบดี 12:00 - 14:00 น. สัปดาห์ที่ 1,2,3,4,5ปัสสาวะบ่อย ปัสสาวะขัดกระเพาะปัสสาวะอักเสบหรือเปล่า?ศัลยศาสตร์ยูโรวิทยา"
ผู้สูงวัยมีอาการปวดศีรษะรุนแรงและมีอาการคลื่นไส้หรืออาเจียนควรพบแพทย์ด้านใด, จากข้อมูลที่ให้มา ไม่มีข้อมูลเกี่ยวกับอาการปวดศีรษะรุนแรงและมีอาการคลื่นไส้หรืออาเจียนในผู้สูงอายุ ดังนั้นจึงไม่สามารถระบุได้ว่าควรพบแพทย์ด้านใด,"อ. พญ.ชลัยรัชฎ์ สุขอวยชัยnanปัสสาวะบ่อย ปัสสาวะขัดกระเพาะปัสสาวะอักเสบหรือเปล่า?ศัลยศาสตร์ยูโร

พญ.ภัทรพร เมฆาวุฒิกุลnanเฝ้าระวังศีรษะกระแทก 72 ชั่วโมงเวชศาสตร์ฉุกเฉิน

นพ.สมมาศ อัครคุณานนท์nanเฝ้าระวังศีรษะกระแทก 72 ชั่วโมงเวชศาสตร์ฉุกเฉิน

พญ.จุฑามาศ เศารยะnanเฝ้าระวังศีรษะกระแทก 72 ชั่วโมงเวชศาสตร์ฉุกเฉิน

นพ.จิรภาส ปอแก้วnanเฝ้าระวังศีรษะกระแทก 72 ชั่วโมงเวชศาสตร์ฉุกเฉิน

นพ.ภูดิศ บัวประเสริฐnanเฝ้าระวังศีรษะกระแทก 72 ชั่วโมงเวชศาสตร์ฉุกเฉิน

พญ.กุลชญา สุธีเชษฐnanเฝ้าระวังศีรษะกระแทก 72 ชั่วโมงเวชศาสตร์ฉุกเฉิน

พญ.นวลจันทร์ อภิวัฒนเสวีnanเฝ้าระวังศีรษะกระแทก 72 ชั่วโมงเวชศาสตร์ฉุกเฉิน

พญ.ปิยะธิดา บรรพวัฒนรักษ์nanเฝ้าระวังศีรษะกระแทก 72 ชั่วโมงเวชศาสตร์ฉุกเฉิน

พญ.พาขวัญ ปิตานุเคราะห์nanเฝ้าระวังศีรษะกระแทก 72 ชั่วโมงเวชศาสตร์ฉุกเฉิน"
หมอแบบไหนที่ให้คำปรึกษาได้หากมีอาการท้องเสียรุนแรงและมีเลือดปนเป็นอุจจาระ, จากข้อมูลที่ให้มา ไม่มีข้อมูลเกี่ยวกับแพทย์ที่ให้คำปรึกษาได้หากมีอาการท้องเสียรุนแรงและมีเลือดปนเป็นอุจจาระ,"68 ท้องเสีย ท้องเสียหรืออุจจาระร่วงเฉียบพลัน หมายถึง การถ่ายอุจจาระเหลวอย่างน้อย 3 ครั้งต่อวัน หรือ ถ่ายมีมูกหรือปนเลือดอย่างน้อย 1 ครั้ง หรือถ่ายเป็นน�้าจำนวนมากกว่า 1 ครั้งขึ้นไปในเวลา 1วัน สาเหตุที่ลูกท้องเสีย 1. เกดิจากการตดิเชือ้บางชนดิ อจุจาระค่อนข้างเหลวถ่ายเป็นนำ้พุง่ ก้นแดง และเดก็อาจมอีาการ ท้องอืดร่วมด้วย 2.

67 ปัญหาการขับถ่าย ท้องผูก หมายถึง การถ่ายอุจจาระแข็ง เส้นผ่านศูนย์กลางขนาดใหญ่ หรือมีความยากลำบากในการถ่าย อุจจาระ บางครั้งอาจมีเลือดปนในอุจจาระ หรือมีแผลบริเวณทวารหนัก หรือมีการคั่งค้างที่ผิดปกติของ อุจจาระ เป็นปัญหาที่พบได้บ่อย ส่วนใหญ่ไม่ได้เกิดจากความผิดปกติของลำไส้ การกนินมผสมมโีอกาสทีจ่ะเกดิอาการท้องผกูมากกว่ากนินมแม่ เช่ือว่าไขมนัในนมผสมจะรวมตวั กับแคลเซียมในนม เกิดเป็นก้อนแข็งในอุจจาระ ทำให้ไม่อยากถ่ายอุจจาระ และเวลาจะถ่ายอุจจาระจะ ร้องวุน่วายมาก เพราะรอยแผลบาดทีร่กู้น พ่อแม่ไม่ควรท้ิงปัญหาไว้นานจนทำให้ลกูไม่อยากถ่ายอจุจาระ

การดดูซึมสารอาหารบางอย่างทีผ่ดิปกตไิป เดก็จะเริม่ด้วยอาการท้องเสยี อาจมอีาการเรือ้รงั มากกว่า 2 อาทิตย์ ควรรีบพามาพบแพทย์ แนวทางการแก้ไข ให้เร่ิมกินสารนำ้ทดแทนได้ต้ังแต่เริม่ถ่ายโดยทีล่กูยงัไม่มอีาการขาดนำ้ ลกูทีก่นินมแม่ให้กนินมแม่ ต่อไป ในลูกอายุเกิน 4 เดือนที่เคยกินข้าวแล้ว

อ. พญ.ชลัยรัชฎ์ สุขอวยชัยnanปัสสาวะบ่อย ปัสสาวะขัดกระเพาะปัสสาวะอักเสบหรือเปล่า?ศัลยศาสตร์ยูโร

โรคบางอย่างท่ีนำมาด้วยอาการท้องผูก เช่นโรคที่มีไทรอยด์ฮอร์โมนต�่า เด็กมักมีปัญหา พัฒนาการช้าร่วมด้วย ฯลฯ หากสงสัยโรคดังกล่าวควรพาลูกไปพบแพทย์ วิธีการแก้ไข 1.

รศ. นพ.เอกรินทร์ โชติกวาณิชย์พุธ 13:00 - 13:30 น. สัปดาห์ที่ 1,2,3,4,5 เสาร์ 09:00 - 12:00 น. สัปดาห์ที่ 1,2,3,4,5ปัสสาวะบ่อย ปัสสาวะขัดกระเพาะปัสสาวะอักเสบหรือเปล่า?โรคนิ่วไต ท่อไต และกระเพาะปัสสาวะ, โรคเนื้องอก ไต ท่อไต และกระเพาะปัสสาวะ

รศ. นพ.สุนัย ลีวันแสงทองพุธ 14:30 - 15:30 น. สัปดาห์ที่ 1,2,3,4,5 พฤหัสบดี 12:00 - 14:30 น. สัปดาห์ที่ 1,2,3,4,5ปัสสาวะบ่อย ปัสสาวะขัดกระเพาะปัสสาวะอักเสบหรือเปล่า?โรคต่อมลูกหมาก

อ. นพ.บรรณสิทธิ์ ไชยประสิทธิ์พุธ 09:00 - 12:00 น. สัปดาห์ที่ 1,2,3,4,5 พฤหัสบดี 12:00 - 14:00 น. สัปดาห์ที่ 1,2,3,4,5ปัสสาวะบ่อย ปัสสาวะขัดกระเพาะปัสสาวะอักเสบหรือเปล่า?ศัลยศาสตร์ยูโรวิทยา"
คลินิกด้านไหนที่รักษาอาการระบบทางเดินหายใจอักเสบรุนแรงและมีอาการหายใจเหนื่อย, คลินิกอายุรศาสตร์โรคระบบทางเดินหายใจและภาวะวิกฤตโรคระบบการหายใจ,"2545โรคจมูก ไซนัส และภูมิแพ้, นอนกรน และภาวะหยุดหายใจขณะหลับ, ความผิดปกติของการรับกลิ่น และรส

รศ. นพ.แจ่มศักดิ์ ไชยคุนาnanแพทยศาสตรบัณฑิตวุฒิบัตรผู้เชี่ยวชาญสาขาอายุรศาสตร์วุฒิบัตรผู้เชี่ยวชาญสาขาอายุรศาสตร์โรคระบบทางเดินหายใจCertificate of Respiratory and critical care medicine, Case western reserve university ประเทศสหรัฐอเมริกาอายุรศาสตร์โรคระบบทางเดินหายใจ

American Board of Pediatric CardiologyAmerican Board of Pediatricวุฒิบัตรสาขากุมารเวชศาสตร์ แพทยสภาวุฒิบัตรสาขาเวชศาสตร์ครอบครัว แพทยสภาวุฒิบัตรอนุสาขากุมารเวชศาสตร์โรคหัวใจ แพทยสภาการรักษาโรคหัวใจแต่กำเนิดและความผิดปกติในหัวใจโดยการสวนหัวใจแทนการผ่าตัดในเด็กและผู้ใหญ่, โรคความดันหลอดเลือดแดงปอดสูง

อ. ดร. นพ.ดิชพงศ์ กาญจนวาสีจันทร์ 16:30 - 20:00 น. สัปดาห์ที่ 1,2,3,4,5 พุธ 16:30 - 20:00 น. สัปดาห์ที่ 1,2,3,4,5 อาทิตย์ 08:30 - 12:00 น. สัปดาห์ที่ 1,2,3,4,5 13:00 - 16:00 น. สัปดาห์ที่ 1,2,3,4,5nanโรคภูมิแพ้ และโรคจมูก

รศ. นพ.ชุณหเกษม   โชตินัยวัตรกุลอังคาร 09:00 - 12:00 น. สัปดาห์ที่ 1,2,3,4,5 13:00 - 16:00 น. สัปดาห์ที่ 1,2,3,4,5โรคหัวใจ ใครเสี่ยง?การรักษาโรคหลอดเลือดหัวใจตีบ, การฉีดสี และลิ้นหัวใจตีบด้วยการถ่างขยายด้วยบอลลูน

รศ. นพ.วรวงศ์ ศลิษฏ์อรรถกรจันทร์ 10:00 - 12:00 น. สัปดาห์ที่ 1,2,3,4,5nanการผ่าตัดรักษาโรคหลอดเลือดแดงใหญ่โป่งพองด้วยสายสวน ,การผ่าตัดหลอดเลือดหัวใจตีบและลิ้นหัวใจ

รศ. ดร. พญ.เบญจมาศ ช่วยชูnanปรัชญาดุษฎีบัณฑิต (Physiology ประเทศสหรัฐอเมริกา)วุฒิบัตรแสดงความรู้ความชำนาญในการประกอบวิชาชีพเวชกรรม อนุสาขาอายุรศาสตร์โรคระบบการหายใจและภาวะวิกฤตโรคระบบการหายใจวุฒิบัตรแสดงความรู้ความชำนาญในการประกอบวิชาชีพเวชกรรม

ศ. นพ.พูนทรัพย์ วงศ์สุรเกียรติ์nannanอายุรศาสตร์โรคระบบทางเดินหายใจ โรคปอดและเวชศาสตร์วิกฤต

ศ.2558วุฒิบัตรสาขาอายุรศาสตร์โรคระบบทางเดินหายใจและภาวะวิกฤตโรคระบบการหายใจคณะแพทยศาสตร์ศิริราชพยาบาล มหาวิทยาลัยมหิดล พ.ศ.2561อายุรศาสตร์โรคระบบทางเดินหายใจ

สัปดาห์ที่ 1,2,3,4,5 13:00 - 17:00 น. สัปดาห์ที่ 1,2,3,4,5นอนกรน โรคหยุดหายใจขณะหลับ(Obstructive Sleep Apnea)หู คอ จมูก ทั่วไป , ผ่าตัดไทรอยด์แบบส่องกล้อง"
อยากตรวจหาสาเหตุของการเจ็บแสบหลังสะโพกและมีปัญหาการเคลื่อนไหว, ข้อมูลที่ให้มาไม่มีข้อมูลเกี่ยวกับการเจ็บแสบหลังสะโพกและมีปัญหาการเคลื่อนไหว,"อ. พญ.ชลัยรัชฎ์ สุขอวยชัยnanปัสสาวะบ่อย ปัสสาวะขัดกระเพาะปัสสาวะอักเสบหรือเปล่า?ศัลยศาสตร์ยูโร

รศ. นพ.สุนัย ลีวันแสงทองพุธ 14:30 - 15:30 น. สัปดาห์ที่ 1,2,3,4,5 พฤหัสบดี 12:00 - 14:30 น. สัปดาห์ที่ 1,2,3,4,5ปัสสาวะบ่อย ปัสสาวะขัดกระเพาะปัสสาวะอักเสบหรือเปล่า?โรคต่อมลูกหมาก

ควรพาลกูไปพบกมุารแพทย์เพือ่วิเคราะห์หาสาเหตเุบือ้งต้น และแนวทางแก้ไข รวมถงึพจิารณา ส่งปรึกษาแพทย์ผู้เชี่ยวชาญ ถ้าพบสาเหตุที่ซับซ้อน และต้องการการรักษา และติดตามอย่างเป็นระบบ 2.

รศ. นพ.สิทธิพร ศรีนวลนัดอังคาร 10:00 - 12:00 น. สัปดาห์ที่ 1,2,3,4,5ปัสสาวะบ่อย ปัสสาวะขัดกระเพาะปัสสาวะอักเสบหรือเปล่า?การผ่าตัดมะเร็งต่อมลูกหมากโดยใช้หุ่นยนต์

อ. นพ.ปราโมทย์ เอื้อโสภณเสาร์ 09:00 - 12:00 น. สัปดาห์ที่ 1,2,3,4,5nanอาการปวดเรื้อรัง อาการปวดจากมะเร็ง และ อาการปวดจากระบบประสาท

อ. นพ.บรรณสิทธิ์ ไชยประสิทธิ์พุธ 09:00 - 12:00 น. สัปดาห์ที่ 1,2,3,4,5 พฤหัสบดี 12:00 - 14:00 น. สัปดาห์ที่ 1,2,3,4,5ปัสสาวะบ่อย ปัสสาวะขัดกระเพาะปัสสาวะอักเสบหรือเปล่า?ศัลยศาสตร์ยูโรวิทยา

รศ. นพ.เอกรินทร์ โชติกวาณิชย์พุธ 13:00 - 13:30 น. สัปดาห์ที่ 1,2,3,4,5 เสาร์ 09:00 - 12:00 น. สัปดาห์ที่ 1,2,3,4,5ปัสสาวะบ่อย ปัสสาวะขัดกระเพาะปัสสาวะอักเสบหรือเปล่า?โรคนิ่วไต ท่อไต และกระเพาะปัสสาวะ, โรคเนื้องอก ไต ท่อไต และกระเพาะปัสสาวะ

รศ. นพ.อนุพันธ์ ตันติวงศ์จันทร์ 09:30 - 12:00 น. สัปดาห์ที่ 1,2,3,4,5ปัสสาวะบ่อย ปัสสาวะขัดกระเพาะปัสสาวะอักเสบหรือเปล่า?ศัลยศาสตร์ยูโร

ศ.คลินิก นพ.ไชยยงค์ นวลยงพฤหัสบดี 09:00 - 10:00 น. สัปดาห์ที่ 1,2,3,4,5ปัสสาวะบ่อย ปัสสาวะขัดกระเพาะปัสสาวะอักเสบหรือเปล่า?ศัลยศาสตร์ยูโรวิทยา

ผศ. นพ.ศิรส จิตประไพอังคาร 13:00 - 16:00 น. สัปดาห์ที่ 1,2,3,4,5 ศุกร์ 14:30 - 16:00 น. สัปดาห์ที่ 1,2,3,4,5ปัสสาวะบ่อย ปัสสาวะขัดกระเพาะปัสสาวะอักเสบหรือเปล่า?ศัลยศาสตร์ยูโร"
เด็กมีปัญหาการมองเห็นและมีปัญหาด้านสายตาต้องปรึกษาแพทย์ด้านใด, จักษุวิทยาเด็ก,"มีความผิดปกติของตาและการรับภาพ 3. มีความบกพร่องในการทำงานของระบบประสาท จากการขาดออกซิเจน 4. โรคออทิสติก คือโรคที่มีความบกพร่องในการพูด การเข้าสังคม การสบตา และการเรียนรู้ วิธีการช่วยเหลือ 1. ตรวจเช็คความสามารถของเด็ก ในกรณีที่เด็กไม่ยอมมอง จ้องหน้า หรือสบตา แสดงว่า พัฒนาการด้านหนึ่งเริ่มเสียหาย อาจมีพัฒนาการด้านอื่นๆ เสียหายด้วย โดยที่พ่อแม่คาดไม่ถึง จึงควร ตรวจความสามารถของลกูกับสมุดสขุภาพว่ามด้ีานอืน่ผดิปกติด้วยหรือใม่ ถ้าไม่แน่ใจควรพบกมุารแพทย์ เพื่อตรวจเช็คพัฒนาการอย่างละเอียด 2.

หรือสงสัยว่าลูกจะไม่ได้ยิน ควรพา ลกูมาปรกึษาแพทย์เพือ่หาสาเหต ุและแก้ไขต้ังแต่ต้นเนือ่งจากภาษาเป็นพัฒนาการด้านท่ีมคีวามสมัพนัธ์ กับระดับเชาว์ปัญญาของเด็กมากที่สุด สาเหตุของเด็กพูดช้า 1.

พฤติกรรม และการเรียนรู้ของลูก ก็สามารถปรึกษา แพทย์ได้ก่อนทีล่กูจะมพัีฒนาการล่าช้าอย่างชดัเจน ซึง่จะทำให้ลกูได้รบัการวนิจิฉัย และดแูลรกัษาอย่าง เหมาะสมตั้งแต่ระยะเริ่มแรก สาเหตุของเด็กที่มีพัฒนาการโดยรวมล่าช้า 1.

ถ้าพยายามแก้ไขอย่างเต็มที่เป็นเวลาอย่างน้อย 2-4 สัปดาห์แล้ว แต่ยังไม่พบการเปลี่ยนแปลง ของเด็กเลย ควรนำเด็กไปพบกุมารแพทย์ เพื่อตรวจหาความผิดปกติ ปัญหาที่พบบ่อยในเด็กอายุ 0-3 ปี

2 การตรวจคัดกรองการได้ยินตั้งแต่แรกเกิด-อายุ 6 เดือน โดยเฉพาะอย่างยิ่งในกลุ่มที่มี ความเสีย่งต่อการได้ยนิบกพร่อง เช่น ทารกคลอดก่อนกำหนด ทารกทีต้่องรบัการรกัษาในห้องทารกแรก เกิดวิกฤติ ทารกที่ต้องใส่ท่อช่วยหายใจ เป็นต้น 7.3 ตรวจเลือดเพื่อประเมินภาวะโลหิตจาง ที่อายุ 6-12 เดือน 7.

ปรึกษาแพทย์ หากสงสัยว่ามีความผิดปกติของร่างกาย เช่น หูอักเสบ ไม่สบาย ฯลฯ 4. พ่อแม่ควรปรับอารมณ์ ไม่เครียดหรือวิตกกังวลมากไป ควรเข้าใจว่าการร้องไห้ของลูกเป็น เรื่องธรรมชาติของทารก หากตรวจแล้วไม่พบความผิดปกติ ปัญหาที่พบบ่อยในเด็กอายุ 0-3 ปี

ตลอดเวลา อาจมคีวามผดิปกตทิางระบบประสาท หรือลูกอาย ุ6 เดือน แล้ว ยงัไม่คว้าของหรือเอือ้มหยบิ ของ อาจบ่งถึงความผิดปกติของกล้ามเนื้อมัดเล็ก สายตา และ/หรือมีสติปัญญาบกพร่อง ดังนั้น พ่อแม่ ควรรีบพาลูกไปพบกุมารแพทย์เพื่อหาสาเหตุ และวางแผนการดูแลรักษาอย่างเหมาะสมต่อไป

ให้ลูกได้รับสื่อเองตามลำพังโดยเฉพาะเวลาที่พ่อแม่จำเป็นต้องทำงานต่างๆ จึงทำให้เด็กยุคปัจจุบันขาด โอกาสในการทำกิจกรรมอื่นๆ ที่ควรจะทำในชีวิตประจำวันมากขึ้น ราชวิทยาลยักมุารแพทย์แห่งประเทศไทย รวมท้ังราชวทิยาลัยกุมารแพทย์ในต่างประเทศ จงึ มีประกาศห้ามมิให้เด็กช่วง

ภาวะพัฒนาการล่าช้าหลายด้าน จะพบภาวะพูดช้า ร่วมกับพัฒนาการด้านอื่นๆ ล่าช้าด้วย อีกอย่างน้อย 1 ด้าน เช่น เดินช้า การทำงานของตา และมือในการแก้ปัญหาช้ากว่าวัย ช่วยเหลือตัวเอง ได้น้อย บางรายมีรูปร่างหน้าตาท่ีผดิปกติอย่างเหน็ได้ชดั พ่อแม่ก็ควรพาลกูมาปรึกษาแพทย์เพือ่หาสาเหต ุ"
น้องสาวมีอาการตกขาวที่มีกลิ่นเหม็นและคันแต่อายที่จะพบแพทย์ควรเริ่มต้นอย่างไร, ข้อมูลที่คุณให้มาไม่มีข้อมูลเกี่ยวกับอาการตกขาวที่มีกลิ่นเหม็นและคัน ดังนั้นจึงไม่สามารถตอบคำถามนี้ได้,"การกนินมผสมมโีอกาสทีจ่ะเกดิอาการท้องผกูมากกว่ากนินมแม่ เช่ือว่าไขมนัในนมผสมจะรวมตวั กับแคลเซียมในนม เกิดเป็นก้อนแข็งในอุจจาระ ทำให้ไม่อยากถ่ายอุจจาระ และเวลาจะถ่ายอุจจาระจะ ร้องวุน่วายมาก เพราะรอยแผลบาดทีร่กู้น พ่อแม่ไม่ควรท้ิงปัญหาไว้นานจนทำให้ลกูไม่อยากถ่ายอจุจาระ

โรคบางอย่างท่ีนำมาด้วยอาการท้องผูก เช่นโรคที่มีไทรอยด์ฮอร์โมนต�่า เด็กมักมีปัญหา พัฒนาการช้าร่วมด้วย ฯลฯ หากสงสัยโรคดังกล่าวควรพาลูกไปพบแพทย์ วิธีการแก้ไข 1.

ดังได้กล่าวข้างต้นว่าผิวทารกแรกเกิดบางกว่าผิวหนังผู้ใหญ่ ดังนั้นการดูดซึมของที่ใช้สัมผัส ผิวหนังจึงเกิดได้ง่าย จึงต้องระวังการใช้ยาทาผิวหรือสบู่ที่มีส่วนผสมของสารฆ่าเชื้อแบคทีเรีย เช่น สบู่ ยา PhisohexTM ที่มีส่วนผสมของ Hexachlorophene เพราะมีรายงานในต่างประเทศว่าทำให้ทารก เกิดอาการชักได้

61 4. ผด เกิดจากการอุดตันของต่อมเหงื่อ พบบ่อยในทารก เพราะการทำงานของต่อมเหงื่อยังไม่ สมบรูณ์ อาจเห็นเป็นตุ่มใส ผนงับาง แตกง่าย หรอืเป็นตุม่แดง มกัพบบรเิวณทีม่ต่ีอมเหงือ่มากได้แก่ หน้า ผาก ไรผม หลัง บริเวณข้อพับของแขน การดูแลรักษา ได้แก่ พยายามหลีกเลี่ยงอากาศที่ร้อนจัด สวม

เกดิจากการตดิเชือ้บางชนดิ อจุจาระค่อนข้างเหลวถ่ายเป็นนำ้พุง่ ก้นแดง และเดก็อาจมอีาการ ท้องอืดร่วมด้วย 2.

เคืองอาจเนื่องจากสภาพผิวของทารกแต่ละราย สารประกอบอื่นๆ ที่ผสม เช่น สารกันบูด ดังนั้นไม่ว่าจะ ใช้ผลติภณัฑ์ใดควรเลือกผลติภณัฑ์สำหรบัทารกเท่านัน้ นอกจากนีไ้ม่แนะนำให้ฟอกสบูแ่ละใช้นำ้อุน่มาก เกนิไปเพราะจะทำให้ผวิแห้ง

ผสมนำ้ตาลทราย 2 ช้อนชาปาด ผสม เกลือ 2 หยิบมือ หากมีผงโออาร์เอส (ORS) ควรผสมน�้าต้มสุกตามที่แนะนำข้างซอง ชงให้ลูกดื่มบ่อยๆ แล้วพามาพบแพทย์หากอาการยังไม่ดีขึ้น หรือมีไข้สูงร่วมด้วย หรือมีอาการขาดน�้ามากขึ้น เช่น ตาโหล ปัสสาวะน้อยลง กินไม่ได้ เป็นต้น ปัญหาที่พบบ่อยในเด็กอายุ

การดดูซึมสารอาหารบางอย่างทีผ่ดิปกตไิป เดก็จะเริม่ด้วยอาการท้องเสยี อาจมอีาการเรือ้รงั มากกว่า 2 อาทิตย์ ควรรีบพามาพบแพทย์ แนวทางการแก้ไข ให้เร่ิมกินสารนำ้ทดแทนได้ต้ังแต่เริม่ถ่ายโดยทีล่กูยงัไม่มอีาการขาดนำ้ ลกูทีก่นินมแม่ให้กนินมแม่ ต่อไป ในลูกอายุเกิน 4 เดือนที่เคยกินข้าวแล้ว

และสระด้วยแชมพูสำหรับเด็กวันละ 1 ครั้ง ไม่ควรแกะสะเก็ดออก เพราะจะทำให้เลือดออกหรือมีแผล ได้ง่าย ถ้ามีผื่นอักเสบ มีน�้าเหลืองควรพาทารกไปพบแพทย์ การ

การตอบสนองของพ่อแม่เมื่อเกิดอาการ โดยการตามใจ ทำให้ลูกแสดงอาการมากขึ้น วิธีการแก้ไข เด็กปกติที่กลั้นหายใจ 1-2 นาที ซึ่งอาจทำให้ตัวอ่อนหรือปากเขียวนั้น ร่างกายของเด็กจะปรับให้ เดก็กลบัมาหายใจได้เองโดยอตัโนมตั ิอาการต่างๆ ทีเ่กดิจากการร้องกลัน้หายใจนีไ้ม่เป็นอนัตรายต่อร่างกาย"
ลูกสาวมีอาการปวดท้องประจำเดือนและการมีรอยคราบเลือดที่ไม่ปกติต้องตรวจอะไร, ข้อมูลที่ให้มาไม่มีข้อมูลเกี่ยวกับอาการปวดท้องประจำเดือนและการมีรอยคราบเลือดที่ไม่ปกติ,"การดดูซึมสารอาหารบางอย่างทีผ่ดิปกตไิป เดก็จะเริม่ด้วยอาการท้องเสยี อาจมอีาการเรือ้รงั มากกว่า 2 อาทิตย์ ควรรีบพามาพบแพทย์ แนวทางการแก้ไข ให้เร่ิมกินสารนำ้ทดแทนได้ต้ังแต่เริม่ถ่ายโดยทีล่กูยงัไม่มอีาการขาดนำ้ ลกูทีก่นินมแม่ให้กนินมแม่ ต่อไป ในลูกอายุเกิน 4 เดือนที่เคยกินข้าวแล้ว

การกนินมผสมมโีอกาสทีจ่ะเกดิอาการท้องผกูมากกว่ากนินมแม่ เช่ือว่าไขมนัในนมผสมจะรวมตวั กับแคลเซียมในนม เกิดเป็นก้อนแข็งในอุจจาระ ทำให้ไม่อยากถ่ายอุจจาระ และเวลาจะถ่ายอุจจาระจะ ร้องวุน่วายมาก เพราะรอยแผลบาดทีร่กู้น พ่อแม่ไม่ควรท้ิงปัญหาไว้นานจนทำให้ลกูไม่อยากถ่ายอจุจาระ

โรคบางอย่างท่ีนำมาด้วยอาการท้องผูก เช่นโรคที่มีไทรอยด์ฮอร์โมนต�่า เด็กมักมีปัญหา พัฒนาการช้าร่วมด้วย ฯลฯ หากสงสัยโรคดังกล่าวควรพาลูกไปพบแพทย์ วิธีการแก้ไข 1.

ผศ. พญ.ภัทราพร ชีระอารีnanประจำเดือนมาไม่ปกติ บอกอะไร? (Amenorrhea)สูติศาสตร์นรีเวชวิทยา

อ.พญ.ภัทรวรรณ หลิ่มศิริพฤหัสบดี 09:00 - 12:00 น. สัปดาห์ที่ 1,2,3,4,5ประจำเดือนมาไม่ปกติ บอกอะไร? (Amenorrhea)สูติศาสตร์นรีเวชวิทยา

ศ.คลินิก นพ.วีรศักดิ์ วงศ์ถิรพรศุกร์ 13:00 - 16:00 น. สัปดาห์ที่ 1,2,3,4,5ประจำเดือนมาไม่ปกติ บอกอะไร? (Amenorrhea)มะเร็งนรีเวช

68 ท้องเสีย ท้องเสียหรืออุจจาระร่วงเฉียบพลัน หมายถึง การถ่ายอุจจาระเหลวอย่างน้อย 3 ครั้งต่อวัน หรือ ถ่ายมีมูกหรือปนเลือดอย่างน้อย 1 ครั้ง หรือถ่ายเป็นน�้าจำนวนมากกว่า 1 ครั้งขึ้นไปในเวลา 1วัน สาเหตุที่ลูกท้องเสีย 1. เกดิจากการตดิเชือ้บางชนดิ อจุจาระค่อนข้างเหลวถ่ายเป็นนำ้พุง่ ก้นแดง และเดก็อาจมอีาการ ท้องอืดร่วมด้วย 2.

การทำงานของต่อมไขมันและต่อมเหงื่อยังไม่สมบูรณ์เท่ากับ ผูใ้หญ่จึงเกดิผดหรอืตุม่พองใสได้ง่าย นอกจากนีก้ารทำงานของระบบภมูต้ิานทานต่อเชือ้โรคยงัไม่สมบรูณ์ และสะดือยังเป็นรอยเปิดซึ่งสามารถเป็นทางเข้าของเชื้อโรคได้ ทารกจึงมีโอกาสติดเชื้อที่ผิวหนังได้ง่าย

รศ. นพ.อัมพัน เฉลิมโชคเจริญกิจจันทร์ 13:00 - 20:00 น. สัปดาห์ที่ 1,2,3,4,5 ศุกร์ 13:00 - 20:00 น. สัปดาห์ที่ 1,2,3,4,5ประจำเดือนมาไม่ปกติ บอกอะไร?สูติศาสตร์นรีเวชวิทยา"
อยากหาหมอที่ตรวจหาสาเหตุของอาการหัวใจเต้นเร็วและเหนื่อยง่าย," จากข้อมูลที่ให้มา คุณสามารถพิจารณาไปพบแพทย์ท่านใดก็ได้จากรายชื่อแพทย์ด้านล่างนี้

- รศ. นพ.ชุณหเกษม โชตินัยวัตรกุล
- นพ.ปัญเกียรติ โตพิพัฒน์
- รศ. นพ.วรวงศ์ ศลิษฏ์อรรถกร
- รศ. นพ.เอกรินทร์ โชติกวาณิชย์
- อ. นพ.อาจบดินทร์ วินิจกุล
- นพ.เอก เพ็ชรดาชัย
- รศ. นพ.สัชชนะ พุ่มพฤกษ์","รศ. นพ.สัชชนะ พุ่มพฤกษ์พุธ 13:00 - 14:30 น. สัปดาห์ที่ 1,2,3,4,5 อาทิตย์ 13:00 - 14:30 น. สัปดาห์ที่ 1,2,3,4,5โรคหัวใจ ใครเสี่ยง?การรักษาภาวะหัวใจเต้นผิดจังหวะ

รศ. นพ.ชุณหเกษม   โชตินัยวัตรกุลอังคาร 09:00 - 12:00 น. สัปดาห์ที่ 1,2,3,4,5 13:00 - 16:00 น. สัปดาห์ที่ 1,2,3,4,5โรคหัวใจ ใครเสี่ยง?การรักษาโรคหลอดเลือดหัวใจตีบ, การฉีดสี และลิ้นหัวใจตีบด้วยการถ่างขยายด้วยบอลลูน

นพ.ปัญเกียรติ โตพิพัฒน์พุธ 09:00 - 12:00 น. สัปดาห์ที่ 1,2,3,4,5 ศุกร์ 09:00 - 12:00 น. สัปดาห์ที่ 1,2,3,4,5 อาทิตย์ 09:00 - 12:00 น. สัปดาห์ที่ 1,2,3,4,5โรคหัวใจ ใครเสี่ยง?อายุรศาสตร์โรคหัวใจ

นพ.เอก เพ็ชรดาชัยพุธ 11:00 - 11:30 น. สัปดาห์ที่ 1,2,3,4,5 13:00 - 16:00 น. สัปดาห์ที่ 1,2,3,4,5 เสาร์ 09:00 - 12:00 น. สัปดาห์ที่ 1,2,3,4,5โรคหัวใจ ใครเสี่ยง?อายุรศาสตร์โรคหัวใจ

สัปดาห์ที่ 1,2,3,4,5โรคหัวใจ ใครเสี่ยง?การตรวจหัวใจและหลอดเลือดหัวใจด้วยเครื่องตรวจสนามแม่เหล็กไฟฟ้าและการตรวจวิเคราะห์วงจรไฟฟ้าในหัวใจด้วยการสวนหัวใจ

อ. นพ.อาจบดินทร์ วินิจกุลอาทิตย์ 09:00 - 11:30 น. สัปดาห์ที่ 4โรคหัวใจ ใครเสี่ยง?อายุรศาสตร์โรคหัวใจ

ศ. พญ.ธนัญญา บุณยศิรินันท์จันทร์ 08:30 - 09:20 น. สัปดาห์ที่ 1,2,3,4,5 12:30 - 14:00 น. สัปดาห์ที่ 1,2,3,4,5 พุธ 15:00 - 16:30 น. สัปดาห์ที่ 1,2,3,4,5Membership of The Thai Medical CouncilMembership of The Heart Association of ThailandMembership of The Royal College of Physicians of Thailandการตรวจหัวใจด้วยเครื่องคลื่นแม่เหล็กไฟฟ้าและเอ็กซเรย์คอมพิวเตอร์

ผศ. พญ.วรางคณา บุญญพิสิฏฐ์nanMembership of the Royal College of Physicians of ThailandMembership of the Thai Medical AssociationMembership of the Thai Heart AssociationMembership of the Thai Medical Councilการตรวจวิเคราะห์วงจรไฟฟ้าในหัวใจด้วยการสวนหัวใจ

ศ.2539แพทย์เฟลโลว์ สาขาการตรวจทางสรีรวิทยาไฟฟ้าหัวใจ มหาวิทยาลัยเอมโมรี แอตแลนตา รัฐจอร์เจีย ประเทศสหรัฐอเมริกา พ.ศ.2540การรักษาภาวะหัวใจเต้นผิดจังหวะและการใส่เครื่องกระตุ้นหัวใจ

อ. พญ.ศุภลัคน์ กาญจนอุทัยอาทิตย์ 14:00 - 16:00 น. สัปดาห์ที่ 2,4โรคหัวใจ ใครเสี่ยง?กุมารเวชศาสตร์โรคหัวใจ"
ผมอยากจะขอนัดหมายกับแพทย์ผู้เชี่ยวชาญด้านโรคเบาหวาน มีวันไหนว่างบ้างในสัปดาห์นี้," วันพฤหัสบดี เวลา 10:00 - 12:00 น. กับ รศ. พญ.อภิรดี ศรีวิจิตรกมล
วันพฤหัสบดี เวลา 13:00 - 15:00 น. กับ รศ. พญ.นันทกร ทองแตง
วันจันทร์ เวลา 16:00 - 17:30 น. กับ รศ. พญ.ระวีวรรณ เลิศวัฒนารักษ์
วันศุกร์ เวลา 10:00 - 12:00 น. กับ รศ. พญ.นันทกร ทองแตง","ศ. นพ.สุทิน ศรีอัษฎาพรจันทร์ 08:30 - 09:30 น. สัปดาห์ที่ 1,2,3,4,5 อังคาร 08:30 - 09:30 น. สัปดาห์ที่ 1,2,3,4,5 พุธ 08:30 - 09:30 น. สัปดาห์ที่ 1,2,3,4,5 พฤหัสบดี 08:30 - 09:30 น. สัปดาห์ที่ 1,2,3,4,5 ศุกร์ 08:30 - 09:30 น. สัปดาห์ที่ 1,2,3,4,5เบาหวานป้องกันได้ต่อมไร้ท่อและเมตะบอลิสม

รศ. พญ.นันทกร ทองแตงพฤหัสบดี 13:00 - 15:00 น. สัปดาห์ที่ 1,2,3,4,5 ศุกร์ 10:00 - 12:00 น. สัปดาห์ที่ 1,2,3,4,5เบาหวานป้องกันได้ต่อมไร้ท่อและเมตะบอลิสม

รศ. พญ.ระวีวรรณ เลิศวัฒนารักษ์จันทร์ 16:00 - 17:30 น. สัปดาห์ที่ 2 16:00 - 17:30 น. สัปดาห์ที่ 4 พุธ 10:00 - 12:00 น. สัปดาห์ที่ 3 10:30 - 12:30 น. สัปดาห์ที่ 1เบาหวาน รู้ทันป้องกันได้ต่อมไร้ท่อและเมตะบอลิสม

รศ. พญ.อภิรดี ศรีวิจิตรกมลพฤหัสบดี 10:00 - 12:00 น. สัปดาห์ที่ 1,2,3,4,5เบาหวานป้องกันได้ต่อมไร้ท่อและเมตะบอลิสม

นพ.เอก เพ็ชรดาชัยพุธ 11:00 - 11:30 น. สัปดาห์ที่ 1,2,3,4,5 13:00 - 16:00 น. สัปดาห์ที่ 1,2,3,4,5 เสาร์ 09:00 - 12:00 น. สัปดาห์ที่ 1,2,3,4,5โรคหัวใจ ใครเสี่ยง?อายุรศาสตร์โรคหัวใจ

นพ.ปัญเกียรติ โตพิพัฒน์พุธ 09:00 - 12:00 น. สัปดาห์ที่ 1,2,3,4,5 ศุกร์ 09:00 - 12:00 น. สัปดาห์ที่ 1,2,3,4,5 อาทิตย์ 09:00 - 12:00 น. สัปดาห์ที่ 1,2,3,4,5โรคหัวใจ ใครเสี่ยง?อายุรศาสตร์โรคหัวใจ

รศ. นพ.สุนัย ลีวันแสงทองพุธ 14:30 - 15:30 น. สัปดาห์ที่ 1,2,3,4,5 พฤหัสบดี 12:00 - 14:30 น. สัปดาห์ที่ 1,2,3,4,5ปัสสาวะบ่อย ปัสสาวะขัดกระเพาะปัสสาวะอักเสบหรือเปล่า?โรคต่อมลูกหมาก

รศ. นพ.ทวี ชาญชัยรุจิราอังคาร 07:30 - 08:30 น. สัปดาห์ที่ 1,2,3,4,5 พฤหัสบดี 08:30 - 12:00 น. สัปดาห์ที่ 1,2,3,4,5nanอายุรศาสตร์โรคไต

รศ. นพ.ชุณหเกษม   โชตินัยวัตรกุลอังคาร 09:00 - 12:00 น. สัปดาห์ที่ 1,2,3,4,5 13:00 - 16:00 น. สัปดาห์ที่ 1,2,3,4,5โรคหัวใจ ใครเสี่ยง?การรักษาโรคหลอดเลือดหัวใจตีบ, การฉีดสี และลิ้นหัวใจตีบด้วยการถ่างขยายด้วยบอลลูน

รศ. นพ.สิทธิพร ศรีนวลนัดอังคาร 10:00 - 12:00 น. สัปดาห์ที่ 1,2,3,4,5ปัสสาวะบ่อย ปัสสาวะขัดกระเพาะปัสสาวะอักเสบหรือเปล่า?การผ่าตัดมะเร็งต่อมลูกหมากโดยใช้หุ่นยนต์"
ดิฉันต้องการนัดพบนักจิตวิทยาเพื่อการปรึกษาเรื่องความเครียด สะดวกมาพบเฉพาะสัปดาห์แรกและสัปดาห์สุดท้ายของเดือน สามารถมาหาหมอได้วันไหนบ้าง," จากข้อมูลที่ให้มา คุณสามารถพบแพทย์ได้ในวันดังต่อไปนี้:

- ผศ. พญ.กันต์กมล จัยสินศุกร์: วันจันทร์
- พญ.ณัฐณิชา เลี้ยงสุขสันต์: วันเสาร์
- พญ.ปิยะธิดา จิตรองอาจ: วันอาทิตย์
- ศ. ดร. นพ.นันทวัช สิทธิรักษ์: วันพฤหัสบดี
- รศ. นพ.สุรศักดิ์ อังสุวัฒนา: วันอังคาร
- รศ. พญ.ณัฏฐา สายเสวย: วันศุกร์
- รศ. นพ.สนทรรศ บุษราทิจ: วันจันทร์
- ศ.คลินิก พญ.ศิริรัตน์ คุปติวุฒิ: วันพฤหัสบดี","รศ. นพ.สุรศักดิ์ อังสุวัฒนาอังคาร 09:00 - 12:00 น. สัปดาห์ที่ 1,2,3,4 09:00 - 19:00 น. สัปดาห์ที่ 5 พุธ 17:00 - 20:00 น. สัปดาห์ที่ 1,2,3,4,5 ศุกร์ 09:00 - 12:00 น. สัปดาห์ที่ 1,2,3,4,5ประจำเดือนมาไม่ปกติ บอกอะไร?สูติศาสตร์นรีเวชวิทยา

รศ. นพ.มงคล เบญจาภิบาลอังคาร 09:30 - 12:00 น. สัปดาห์ที่ 1,2,3,4,5 พฤหัสบดี 09:30 - 12:30 น. สัปดาห์ที่ 1,2,3,4,5ประจำเดือนมาไม่ปกติ บอกอะไร?สูติศาสตร์นรีเวชวิทยา

รศ. พญ.พรจิรา ปริวัชรากุลพุธ 13:20 - 15:00 น. สัปดาห์ที่ 1,2,3,4,5 เสาร์ 13:00 - 14:20 น. สัปดาห์ที่ 1,2,3,4,5nanจิตเวชศาสตร์

รศ. นพ.สนทรรศ บุษราทิจจันทร์ 13:00 - 16:00 น. สัปดาห์ที่ 1,2,3,4,5 อังคาร 10:00 - 12:00 น. สัปดาห์ที่ 1,2,3,4,5 พฤหัสบดี 16:30 - 20:00 น. สัปดาห์ที่ 1,2,3,4,5 เสาร์ 16:30 - 20:00 น. สัปดาห์ที่ 1,2,3,4,5nanจิตเวชศาสตร์

ศ.คลินิก พญ.ศิริรัตน์ คุปติวุฒิพฤหัสบดี 16:00 - 17:30 น. สัปดาห์ที่ 1,2,3,4,5แพทยศาสตร์บัณฑิต (เกียรตินิยมอันดับ 2) คณะแพทยศาสตร์ศิริราชพยาบาล มหาวิทยาลัยมหิดล พ.ศ. 2528วุฒบัตรสาขาจิตเวชศาสตร์ คณะแพทยศาสตร์ศิริราชพยาบาล มหาวิทยาลัยมหิดล พ.ศ.

รศ. นพ.อัมพัน เฉลิมโชคเจริญกิจจันทร์ 13:00 - 20:00 น. สัปดาห์ที่ 1,2,3,4,5 ศุกร์ 13:00 - 20:00 น. สัปดาห์ที่ 1,2,3,4,5ประจำเดือนมาไม่ปกติ บอกอะไร?สูติศาสตร์นรีเวชวิทยา

รศ. พญ.ณัฏฐา สายเสวยศุกร์ 13:00 - 15:00 น. สัปดาห์ที่ 1,2,3,4,5แพทยศาสตรบัณฑิต คณะแพทยศาสตร์ศิริราชพยาบาล มหาวิทยาลัยมหิดล พ.ศ.2544แพทย์ประจำบ้านสาขาจิตเวชศาสตร์ คณะแพทยศาสตร์ศิริราชพยาบาล มหาวิทยาลัยมหิดล พ.ศ.

ผศ. พญ.กันต์กมล จัยสินศุกร์ 09:00 - 12:00 น. สัปดาห์ที่ 1,2,3,4,5 13:00 - 16:00 น. สัปดาห์ที่ 1,2,3,4,5แพทยศาสตร์บัณฑิต คณะแพทยศาสตร์ศิริราชพยาบาล มหาวิทยาลัยมหิดล พ.ศ.2551วุฒิบัตรสาขาจิตเวชศาสตร์ คณะแพทยศาสตร์ศิริราชพยาบาล มหาวิทยาลัยมหิดล พ.ศ.

รศ. นพ.สุภักดี จุลวิจิตรพงษ์พฤหัสบดี 09:00 - 12:00 น. สัปดาห์ที่ 1,2,3,4 09:00 - 18:00 น. สัปดาห์ที่ 5ประจำเดือนมาไม่ปกติ บอกอะไร? (Amenorrhea)สูติศาสตร์นรีเวชวิทยา

อ. พญ.เพียงบุหลัน ยาปานพุธ 13:00 - 16:00 น. สัปดาห์ที่ 2,3 13:00 - 16:00 น. สัปดาห์ที่ 1,4,5ประจำเดือนมาไม่ปกติ บอกอะไร? (Amenorrhea)สูติศาสตร์นรีเวชวิทยา"
ช่วยจัดสรรเวลาเพื่อการปรึกษาเรื่องการเตรียมตัวก่อนการผ่าตัดหัวใจให้หน่อย ผมต้องการทราบวันที่ว่างของแพทย์เพื่อจัดเตรียมตารางเวลาของผมให้เหมาะสม," - ศ.คลินิก นพ.สมชาย ศรียศชาติพุธ วันพุธ เวลา 10:00 - 11:00 น.
- รศ. นพ.วรวงศ์ ศลิษฏ์อรรถกร วันจันทร์ เวลา 10:00 - 12:00 น.
- รศ. นพ.ชุณหเกษม   โชตินัยวัตรกุล วันอังคาร เวลา 09:00 - 12:00 น.","นพ.เอก เพ็ชรดาชัยพุธ 11:00 - 11:30 น. สัปดาห์ที่ 1,2,3,4,5 13:00 - 16:00 น. สัปดาห์ที่ 1,2,3,4,5 เสาร์ 09:00 - 12:00 น. สัปดาห์ที่ 1,2,3,4,5โรคหัวใจ ใครเสี่ยง?อายุรศาสตร์โรคหัวใจ

ศ.คลินิก นพ.สมชาย ศรียศชาติพุธ 10:00 - 11:00 น. สัปดาห์ที่ 1,2,3,4,5nanการผ่าตัดหัวใจพิการแต่กำเนิด, หลอดเลือดหัวใจตีบและลิ้นหัวใจ

นพ.ปัญเกียรติ โตพิพัฒน์พุธ 09:00 - 12:00 น. สัปดาห์ที่ 1,2,3,4,5 ศุกร์ 09:00 - 12:00 น. สัปดาห์ที่ 1,2,3,4,5 อาทิตย์ 09:00 - 12:00 น. สัปดาห์ที่ 1,2,3,4,5โรคหัวใจ ใครเสี่ยง?อายุรศาสตร์โรคหัวใจ

รศ. นพ.สัชชนะ พุ่มพฤกษ์พุธ 13:00 - 14:30 น. สัปดาห์ที่ 1,2,3,4,5 อาทิตย์ 13:00 - 14:30 น. สัปดาห์ที่ 1,2,3,4,5โรคหัวใจ ใครเสี่ยง?การรักษาภาวะหัวใจเต้นผิดจังหวะ

รศ. นพ.ชุณหเกษม   โชตินัยวัตรกุลอังคาร 09:00 - 12:00 น. สัปดาห์ที่ 1,2,3,4,5 13:00 - 16:00 น. สัปดาห์ที่ 1,2,3,4,5โรคหัวใจ ใครเสี่ยง?การรักษาโรคหลอดเลือดหัวใจตีบ, การฉีดสี และลิ้นหัวใจตีบด้วยการถ่างขยายด้วยบอลลูน

รศ. นพ.วรวงศ์ ศลิษฏ์อรรถกรจันทร์ 10:00 - 12:00 น. สัปดาห์ที่ 1,2,3,4,5nanการผ่าตัดรักษาโรคหลอดเลือดแดงใหญ่โป่งพองด้วยสายสวน ,การผ่าตัดหลอดเลือดหัวใจตีบและลิ้นหัวใจ

อ. นพ.อาจบดินทร์ วินิจกุลอาทิตย์ 09:00 - 11:30 น. สัปดาห์ที่ 4โรคหัวใจ ใครเสี่ยง?อายุรศาสตร์โรคหัวใจ

พญ.สุวรรณา เกียรติสิริกมลศุกร์ 09:00 - 12:00 น. สัปดาห์ที่ 1,2,3,4,5แพทยศาสตร์บัณฑิต คณะแพทยศาสตร์ศิริราชพยาบาล มหาวิทยาลัยมหิดลวุฒิบัตรศัลยศาสตร์หัวใจหลอดเลือดและทรวงอกอนุสาขาศัลยศาสตร์หัวใจชั้นสูงศัลยศาสตร์ทรวงอก

รศ. นพ.ปรัญญา สากิยลักษณ์จันทร์ 13:00 - 14:00 น. สัปดาห์ที่ 1,2,3,4,5nanการผ่าตัดหลอดเลือดหัวใจตีบและลิ้นหัวใจ ,การผ่าตัดปอด และการผ่าตัดต่อมไทมัสโดยการส่องกล้อง ,การผ่าตัดรักษาโรคหลอดเลือดแดงโป่งพอง ,การผ่าตัดใส่เครื่องพยุงหัวใจและปอด

ผศ. นพ.นราธิป ชุณหะมณีวัฒน์จันทร์ 12:00 - 16:00 น. สัปดาห์ที่ 1,2,3,4,5พ.ศ. 2561 - 2563 ประธานวิชาการสมาคมแพทย์มัณฑนากรหัวใจและหลอดเลือดแห่งประเทศไทยอายุรศาสตร์โรคหัวใจ"
ผมต้องการนัดหมายกับแพทย์อายุรกรรมเพื่อหารือเกี่ยวกับการจัดการอาการเบาหวาน ไม่ทราบว่ามีมีแพทย์ลงตรวจในวันจันทร์หรือวันพุธที่จะถึงนี้หรือไม่," - รศ. พญ.ระวีวรรณ เลิศวัฒนารักษ์จันทร์ 16:00 - 17:30 น. สัปดาห์ที่ 2
- ศ. นพ.สุทิน ศรีอัษฎาพรจันทร์ 08:30 - 09:30 น. สัปดาห์ที่ 1,2,3,4,5","ศ. นพ.สุทิน ศรีอัษฎาพรจันทร์ 08:30 - 09:30 น. สัปดาห์ที่ 1,2,3,4,5 อังคาร 08:30 - 09:30 น. สัปดาห์ที่ 1,2,3,4,5 พุธ 08:30 - 09:30 น. สัปดาห์ที่ 1,2,3,4,5 พฤหัสบดี 08:30 - 09:30 น. สัปดาห์ที่ 1,2,3,4,5 ศุกร์ 08:30 - 09:30 น. สัปดาห์ที่ 1,2,3,4,5เบาหวานป้องกันได้ต่อมไร้ท่อและเมตะบอลิสม

รศ. พญ.นันทกร ทองแตงพฤหัสบดี 13:00 - 15:00 น. สัปดาห์ที่ 1,2,3,4,5 ศุกร์ 10:00 - 12:00 น. สัปดาห์ที่ 1,2,3,4,5เบาหวานป้องกันได้ต่อมไร้ท่อและเมตะบอลิสม

รศ. พญ.ระวีวรรณ เลิศวัฒนารักษ์จันทร์ 16:00 - 17:30 น. สัปดาห์ที่ 2 16:00 - 17:30 น. สัปดาห์ที่ 4 พุธ 10:00 - 12:00 น. สัปดาห์ที่ 3 10:30 - 12:30 น. สัปดาห์ที่ 1เบาหวาน รู้ทันป้องกันได้ต่อมไร้ท่อและเมตะบอลิสม

รศ. พญ.อภิรดี ศรีวิจิตรกมลพฤหัสบดี 10:00 - 12:00 น. สัปดาห์ที่ 1,2,3,4,5เบาหวานป้องกันได้ต่อมไร้ท่อและเมตะบอลิสม

ผศ. พญ.กุสุมา ไชยสูตรnanเบาหวานป้องกันได้อายุรศาสตร์โภชนาการคลินิก ต่อมไร้ท่อและเมตาบอลิซึม โรคเบาหวาน

นพ.เอก เพ็ชรดาชัยพุธ 11:00 - 11:30 น. สัปดาห์ที่ 1,2,3,4,5 13:00 - 16:00 น. สัปดาห์ที่ 1,2,3,4,5 เสาร์ 09:00 - 12:00 น. สัปดาห์ที่ 1,2,3,4,5โรคหัวใจ ใครเสี่ยง?อายุรศาสตร์โรคหัวใจ

รศ. นพ.ทวี ชาญชัยรุจิราอังคาร 07:30 - 08:30 น. สัปดาห์ที่ 1,2,3,4,5 พฤหัสบดี 08:30 - 12:00 น. สัปดาห์ที่ 1,2,3,4,5nanอายุรศาสตร์โรคไต

สัปดาห์ที่ 1,2,3,5 13:00 - 14:30 น. สัปดาห์ที่ 1,2,3,5เบาหวานป้องกันได้อายุรศาสตร์ต่อมไร้ท่อและเมตะบอลิสม

รศ. นพ.สุนัย ลีวันแสงทองพุธ 14:30 - 15:30 น. สัปดาห์ที่ 1,2,3,4,5 พฤหัสบดี 12:00 - 14:30 น. สัปดาห์ที่ 1,2,3,4,5ปัสสาวะบ่อย ปัสสาวะขัดกระเพาะปัสสาวะอักเสบหรือเปล่า?โรคต่อมลูกหมาก

รศ. นพ.สิทธิพร ศรีนวลนัดอังคาร 10:00 - 12:00 น. สัปดาห์ที่ 1,2,3,4,5ปัสสาวะบ่อย ปัสสาวะขัดกระเพาะปัสสาวะอักเสบหรือเปล่า?การผ่าตัดมะเร็งต่อมลูกหมากโดยใช้หุ่นยนต์"
ผมมีโปรแกรมการฟื้นฟูหลังจากการผ่าตัดเข่า แต่ผมว่างเฉพาะวันอังคารและวันศุกร์ของเดือนนี้ ผมสามารถมาโรงพยาบาลเพื่อพบแพทย์วันไหนได้บ้าง, คุณสามารถมาโรงพยาบาลเพื่อพบแพทย์ได้ในวันอังคารที่ 28 กุมภาพันธ์ 2566 เวลา 07:30 - 08:30 น. กับ รศ. นพ.บวรฤทธิ์ จักรไพวงศ์ หรือในวันศุกร์ที่ 3 มีนาคม 2566 เวลา 13:00 - 15:00 น. กับ รศ. นพ.ธวัชชัย ทวีมั่นคงทรัพย์,"ศ. นพ.กีรติ เจริญชลวานิชจันทร์ 09:00 - 12:00 น. สัปดาห์ที่ 1,2,3,5 12:00 - 12:30 น. สัปดาห์ที่ 4 พุธ 16:30 - 18:00 น. สัปดาห์ที่ 1,2,3,4,5ผ่าข้อวันเดียวกลับบ้าน(Same Day Surgery)ศัลยศาสตร์ออร์โธปิดิกส์

ศ.คลินิก พญ.ศรีนวล ชวศิริจันทร์ 15:00 - 16:00 น. สัปดาห์ที่ 1,2,3,4,5 พฤหัสบดี 10:00 - 12:00 น. สัปดาห์ที่ 1,3,5 13:00 - 14:30 น. สัปดาห์ที่ 2,4วุฒิบัตรสาขาเวชศาสตร์ฟื้นฟู คณะแพทยศาสตร์ศิริราชพยาบาล มหาวิทยาลัยมหิดล พ.ศ.

รศ. นพ.ธวัชชัย ทวีมั่นคงทรัพย์พฤหัสบดี 16:30 - 19:30 น. สัปดาห์ที่ 1,2,3,4,5 ศุกร์ 13:00 - 15:00 น. สัปดาห์ที่ 1,2,3,4,5 เสาร์ 09:30 - 12:00 น. สัปดาห์ที่ 1,2,3,4,5ปัสสาวะบ่อย ปัสสาวะขัดกระเพาะปัสสาวะอักเสบหรือเปล่า?ศัลยศาสตร์ยูโร

ศ.คลินิก นพ.สุรศักดิ์ นิลกานุวงศ์พุธ 08:00 - 11:15 น. สัปดาห์ที่ 3 12:00 - 14:00 น. สัปดาห์ที่ 1,2,4,5 ศุกร์ 07:30 - 12:30 น. สัปดาห์ที่ 1,2,3,4,5 13:00 - 15:00 น. สัปดาห์ที่ 1,2,3,4,5nanอายุรศาสตร์โรคข้อและรูมาติซั่ม

รศ. ดร. นพ.วิทูร ชินสว่างวัฒนกุลพฤหัสบดี 08:00 - 11:30 น. สัปดาห์ที่ 2,4 13:00 - 14:30 น. สัปดาห์ที่ 3 13:00 - 16:00 น. สัปดาห์ที่ 1,5อย่าให้ลำไส้แปรปรวนรบกวนชีวิตคุณศัลยศาสตร์ทั่วไป

รศ. นพ.สิทธิพร ศรีนวลนัดอังคาร 10:00 - 12:00 น. สัปดาห์ที่ 1,2,3,4,5ปัสสาวะบ่อย ปัสสาวะขัดกระเพาะปัสสาวะอักเสบหรือเปล่า?การผ่าตัดมะเร็งต่อมลูกหมากโดยใช้หุ่นยนต์

ผศ. นพ.พิสุทธิ์ ศรีชัยกุลจันทร์ 16:00 - 18:00 น. สัปดาห์ที่ 1,2,3,4,5 พุธ 09:00 - 12:00 น. สัปดาห์ที่ 1,2,3,4,5 อาทิตย์ 09:00 - 12:00 น. สัปดาห์ที่ 1,2,3,4,5ประจำเดือนมาไม่ปกติ บอกอะไร? (Amenorrhea)ผ่าตัดผ่านกล้องทางนรีเวช, มะเร็งนรีเวช

ศ.คลินิก นพ.สมชาย ศรียศชาติพุธ 10:00 - 11:00 น. สัปดาห์ที่ 1,2,3,4,5nanการผ่าตัดหัวใจพิการแต่กำเนิด, หลอดเลือดหัวใจตีบและลิ้นหัวใจ

ผศ. นพ.ศิรส จิตประไพอังคาร 13:00 - 16:00 น. สัปดาห์ที่ 1,2,3,4,5 ศุกร์ 14:30 - 16:00 น. สัปดาห์ที่ 1,2,3,4,5ปัสสาวะบ่อย ปัสสาวะขัดกระเพาะปัสสาวะอักเสบหรือเปล่า?ศัลยศาสตร์ยูโร

อ.ดร. นพ.ดุลยพัฒน์ สงวนรักษาจันทร์ 13:00 - 16:00 น. สัปดาห์ที่ 1,2,3,4,5 พฤหัสบดี 16:30 - 19:30 น. สัปดาห์ที่ 1,2,3,4,5nanศัลยศาสตร์ศีรษะ คอ และเต้านม"
ดิฉันต้องการนัดหมายเพื่อการตรวจเช็คการก้าวหน้าของภาวะต้อหินที่มี ถ้าภายในสัปดาห์หน้าดิฉันสามารถมาโรงพยาบาลได้เลยไหม, คุณสามารถนัดหมายเพื่อการตรวจเช็คการก้าวหน้าของภาวะต้อหินที่มีกับ รศ. นพ.นริศ กิจณรงค์ ในวันพุธที่ 1 มีนาคม เวลา 13:00 - 18:00 น.,"รศ. นพ.สิทธิพร ศรีนวลนัดอังคาร 10:00 - 12:00 น. สัปดาห์ที่ 1,2,3,4,5ปัสสาวะบ่อย ปัสสาวะขัดกระเพาะปัสสาวะอักเสบหรือเปล่า?การผ่าตัดมะเร็งต่อมลูกหมากโดยใช้หุ่นยนต์

รศ. นพ.นริศ กิจณรงค์พุธ 13:00 - 18:00 น. สัปดาห์ที่ 1,2,3,4,5การถนอมสายตาโรคต้อหิน

รศ. นพ.สุนัย ลีวันแสงทองพุธ 14:30 - 15:30 น. สัปดาห์ที่ 1,2,3,4,5 พฤหัสบดี 12:00 - 14:30 น. สัปดาห์ที่ 1,2,3,4,5ปัสสาวะบ่อย ปัสสาวะขัดกระเพาะปัสสาวะอักเสบหรือเปล่า?โรคต่อมลูกหมาก

รศ. นพ.อดิศักดิ์ ตรีนวรัตน์จันทร์ 18:20 - 19:30 น. สัปดาห์ที่ 1,2,3,4,5 พฤหัสบดี 08:54 - 11:22 น. สัปดาห์ที่ 1,2,3,4,5การถนอมสายตาโรคจอตา

รศ. พญ.ชารีนันท์ จิรภาไพศาลศุกร์ 09:00 - 12:00 น. สัปดาห์ที่ 1,2,3,4,5 เสาร์ 08:30 - 11:30 น. สัปดาห์ที่ 1,2,3,4,5การถนอมสายตาโรคกระจกตาและผ่าตัดแก้ไขสายตาผิดปกติ

รศ. นพ.ธวัชชัย ทวีมั่นคงทรัพย์พฤหัสบดี 16:30 - 19:30 น. สัปดาห์ที่ 1,2,3,4,5 ศุกร์ 13:00 - 15:00 น. สัปดาห์ที่ 1,2,3,4,5 เสาร์ 09:30 - 12:00 น. สัปดาห์ที่ 1,2,3,4,5ปัสสาวะบ่อย ปัสสาวะขัดกระเพาะปัสสาวะอักเสบหรือเปล่า?ศัลยศาสตร์ยูโร

รศ. นพ.อนุพันธ์ ตันติวงศ์จันทร์ 09:30 - 12:00 น. สัปดาห์ที่ 1,2,3,4,5ปัสสาวะบ่อย ปัสสาวะขัดกระเพาะปัสสาวะอักเสบหรือเปล่า?ศัลยศาสตร์ยูโร

รศ. นพ.เอกรินทร์ โชติกวาณิชย์พุธ 13:00 - 13:30 น. สัปดาห์ที่ 1,2,3,4,5 เสาร์ 09:00 - 12:00 น. สัปดาห์ที่ 1,2,3,4,5ปัสสาวะบ่อย ปัสสาวะขัดกระเพาะปัสสาวะอักเสบหรือเปล่า?โรคนิ่วไต ท่อไต และกระเพาะปัสสาวะ, โรคเนื้องอก ไต ท่อไต และกระเพาะปัสสาวะ

ศ. พญ.วณิชา ชื่นกองแก้วอาทิตย์ 08:30 - 11:52 น. สัปดาห์ที่ 1,2,3,4,5การถนอมสายตาโรคประสาทจักษุ

ศ. นพ.นิพนธ์ จิรภาไพศาลอังคาร 13:00 - 15:30 น. สัปดาห์ที่ 1,2,3,4,5แพทยศาสตรบัณฑิต คณะแพทยศาสตร์ศิริราชพยาบาล มหาวิทยาลัยมหิดล พ.ศ.2537วุฒิบัตรสาขาจักษุวิทยา แพทยสภา พ.ศ.2543ประกาศนียบัตรสาขาประสาทจักษุ พ.ศ.2547โรคประสาทจักษุ (Neuro-ophthalmology), ต้อกระจก"
คุณพ่ออยากทำนัดหมายหารือเกี่ยวกับการรักษาสำหรับภาวะกระดูกพรุน ส่วนผมสะดวกพาคุณพ่อมาในวันธรรมดาได้ช่วงบ่าย ผมสามารถพาคุณพ่อมาตรวจวันไหนที่เร็วที่สุดได้ครับ, จากข้อมูลที่ให้มา ไม่มีข้อมูลเกี่ยวกับการรักษาภาวะกระดูกพรุน,"รศ. นพ.สิทธิพร ศรีนวลนัดอังคาร 10:00 - 12:00 น. สัปดาห์ที่ 1,2,3,4,5ปัสสาวะบ่อย ปัสสาวะขัดกระเพาะปัสสาวะอักเสบหรือเปล่า?การผ่าตัดมะเร็งต่อมลูกหมากโดยใช้หุ่นยนต์

รศ. นพ.สุนัย ลีวันแสงทองพุธ 14:30 - 15:30 น. สัปดาห์ที่ 1,2,3,4,5 พฤหัสบดี 12:00 - 14:30 น. สัปดาห์ที่ 1,2,3,4,5ปัสสาวะบ่อย ปัสสาวะขัดกระเพาะปัสสาวะอักเสบหรือเปล่า?โรคต่อมลูกหมาก

รศ. นพ.ธวัชชัย ทวีมั่นคงทรัพย์พฤหัสบดี 16:30 - 19:30 น. สัปดาห์ที่ 1,2,3,4,5 ศุกร์ 13:00 - 15:00 น. สัปดาห์ที่ 1,2,3,4,5 เสาร์ 09:30 - 12:00 น. สัปดาห์ที่ 1,2,3,4,5ปัสสาวะบ่อย ปัสสาวะขัดกระเพาะปัสสาวะอักเสบหรือเปล่า?ศัลยศาสตร์ยูโร

ผศ. นพ.ศิรส จิตประไพอังคาร 13:00 - 16:00 น. สัปดาห์ที่ 1,2,3,4,5 ศุกร์ 14:30 - 16:00 น. สัปดาห์ที่ 1,2,3,4,5ปัสสาวะบ่อย ปัสสาวะขัดกระเพาะปัสสาวะอักเสบหรือเปล่า?ศัลยศาสตร์ยูโร

รศ. นพ.อนุพันธ์ ตันติวงศ์จันทร์ 09:30 - 12:00 น. สัปดาห์ที่ 1,2,3,4,5ปัสสาวะบ่อย ปัสสาวะขัดกระเพาะปัสสาวะอักเสบหรือเปล่า?ศัลยศาสตร์ยูโร

อ. นพ.บรรณสิทธิ์ ไชยประสิทธิ์พุธ 09:00 - 12:00 น. สัปดาห์ที่ 1,2,3,4,5 พฤหัสบดี 12:00 - 14:00 น. สัปดาห์ที่ 1,2,3,4,5ปัสสาวะบ่อย ปัสสาวะขัดกระเพาะปัสสาวะอักเสบหรือเปล่า?ศัลยศาสตร์ยูโรวิทยา

รศ. นพ.ชุณหเกษม   โชตินัยวัตรกุลอังคาร 09:00 - 12:00 น. สัปดาห์ที่ 1,2,3,4,5 13:00 - 16:00 น. สัปดาห์ที่ 1,2,3,4,5โรคหัวใจ ใครเสี่ยง?การรักษาโรคหลอดเลือดหัวใจตีบ, การฉีดสี และลิ้นหัวใจตีบด้วยการถ่างขยายด้วยบอลลูน

รศ. นพ.สัชชนะ พุ่มพฤกษ์พุธ 13:00 - 14:30 น. สัปดาห์ที่ 1,2,3,4,5 อาทิตย์ 13:00 - 14:30 น. สัปดาห์ที่ 1,2,3,4,5โรคหัวใจ ใครเสี่ยง?การรักษาภาวะหัวใจเต้นผิดจังหวะ

4 แพทย์จะพจิารณาส่งตรวจเพ่ิมเตมิเฉพาะในเดก็ท่ีมีปัจจยัเสีย่ง เช่น ภาวะเสีย่งต่อการเจบ็ ป่วยจากวัณโรค HIV การสมัผสัสารตะก่ัว ภาวะโภชนาการเกนิหรอืภาวะทพุโภชนาการ หรอือืน่ๆ เป็นต้น การเลี้ยงดูและการสร้างเสริมสุขภาพ

ศ.คลินิก นพ.ไชยยงค์ นวลยงพฤหัสบดี 09:00 - 10:00 น. สัปดาห์ที่ 1,2,3,4,5ปัสสาวะบ่อย ปัสสาวะขัดกระเพาะปัสสาวะอักเสบหรือเปล่า?ศัลยศาสตร์ยูโรวิทยา"
จมูกที่เสริมไว้ยังไม่ถูกใจ อยากจะแก้ไข ขอทราบตารางตรวจของหมอในอีก 2 เดือนข้างหน้าเพื่อทำการนัดหมายหน่อย," - อ. ดร. นพ.ดิชพงศ์ กาญจนวาสี
  - วันจันทร์ เวลา 16:30 - 20:00 น. (สัปดาห์ที่ 1,2,3,4,5)
  - วันพุธ เวลา 16:30 - 20:00 น. (สัปดาห์ที่ 1,2,3,4,5)
  - วันอาทิตย์ เวลา 08:30 - 12:00 น. (สัปดาห์ที่ 1,2,3,4,5)
  - วันอาทิตย์ เวลา 13:00 - 16:00 น. (สัปดาห์ที่ 1,2,3,4,5)

- อ. นพ.พงษ์เทพ พิศาลธุรกิจ
  - วันศุกร์ เวลา 10:00 - 12:00 น. (สัปดาห์ที่ 4)
  - วันอาทิตย์ เวลา 09:00 - 11:50 น. (สัปดาห์ที่ 3)
  - วันอาทิตย์ เวลา 09:00 - 12:00 น. (สัปดาห์ที่ 2)","อ. นพ.วิษณุ โล่ห์สิริวัฒน์จันทร์ 16:00 - 18:00 น. สัปดาห์ที่ 1,2,3,4,5nanการผ่าตัดเสริมสร้างเต้านมหลังการตัดเต้านม การผ่าตัดมะเร็งเต้านมในส่วนของเนื้อเต้านม การผ่าตัดมะเร็งเต้านมพร้อมเสริมเต้านม

อ. พญ.ปณตศม เง่ายุธากรจันทร์ 16:00 - 18:00 น. สัปดาห์ที่ 1,2,3,4,5 เสาร์ 08:30 - 11:30 น. สัปดาห์ที่ 1,2,3,4,5nanโรคกระจกตาและผ่าตัดแก้ไขสายตาผิดปกติ

อ.ดร. นพ.ดุลยพัฒน์ สงวนรักษาจันทร์ 13:00 - 16:00 น. สัปดาห์ที่ 1,2,3,4,5 พฤหัสบดี 16:30 - 19:30 น. สัปดาห์ที่ 1,2,3,4,5nanศัลยศาสตร์ศีรษะ คอ และเต้านม

รศ. ดร. นพ.สืบวงศ์ จุฑาภิสิทธิ์จันทร์ 09:30 - 11:00 น. สัปดาห์ที่ 1,3,5 พฤหัสบดี 09:30 - 11:00 น. สัปดาห์ที่ 1,3 เสาร์ 07:30 - 12:00 น. สัปดาห์ที่ 1,2,3,4,5nanศัลยศาสตร์ศีรษะ คอ และเต้านม

ศ.คลินิกเกียรติคุณ นพ.กริช โพธิสุวรรณอังคาร 09:30 - 12:00 น. สัปดาห์ที่ 3,4,5 09:30 - 12:05 น. สัปดาห์ที่ 1nanศัลยศาสตร์ศีรษะ คอ และเต้านม

ศ.คลินิก นพ.อดุลย์ รัตนวิจิตราศิลป์พุธ 17:00 - 18:24 น. สัปดาห์ที่ 1,2,3,4,5nanศัลยศาสตร์ศีรษะ คอ และเต้านม

ศ.คลินิก นพ.อภิรักษ์ ช่วงสุวนิชจันทร์ 09:00 - 11:00 น. สัปดาห์ที่ 1,2,3,4,5nanศัลยศาสตร์ตกแต่ง

อ. นพ.พงษ์เทพ พิศาลธุรกิจศุกร์ 10:00 - 12:00 น. สัปดาห์ที่ 4 10:00 - 12:00 น. สัปดาห์ที่ 1 10:00 - 12:00 น. สัปดาห์ที่ 3 อาทิตย์ 09:00 - 11:50 น. สัปดาห์ที่ 3 09:00 - 12:00 น. สัปดาห์ที่ 2 09:00 - 12:00 น. สัปดาห์ที่ 1nanศัลยศาสตร์ศีรษะ คอ และเต้านม

รศ. นพ.ถาวร ทรัพย์ทวีสินพุธ 12:30 - 14:30 น. สัปดาห์ที่ 1,2,3,4,5nanศัลยศาสตร์ทรวงอก

นพ.ถานนท์ เงารังษีจันทร์ 09:00 - 12:00 น. สัปดาห์ที่ 1,2,3,4,5 13:00 - 18:00 น. สัปดาห์ที่ 1,2,3,4,5 อังคาร 13:00 - 18:00 น. สัปดาห์ที่ 1,2,3,4,5 พุธ 09:00 - 12:00 น. สัปดาห์ที่ 1,2,3,4,5 13:00 - 18:00 น. สัปดาห์ที่ 1,2,3,4,5nanศัลยศาสตร์ทั่วไป"
ผมต้องใช้ประกันสุขภาพของบริษัทเพื่อรักษารากฟันภายใน 90 วัน ผมสามารถมาพบหมอฟันได้เร็วสุดวันไหนครับ, คุณสามารถมาพบ ทพญ. น้ำฝน สุขเกษมจันทร์ ได้เร็วที่สุดในวันพุธที่ 16 มีนาคม 2565,"ทพญ.ศศพินทุ์ เจณณวาสินอังคาร 16:30 - 18:30 น. สัปดาห์ที่ 2,4 พฤหัสบดี 16:00 - 20:00 น. สัปดาห์ที่ 1,2,3,4,5ฟัน ดูแลได้ตั้งแต่ฟันน้ำนมซี่แรก(First Tooth)ทันตกรรมวิทยาเอ็นโดดอนต์

ทพญ.น้ำฝน สุขเกษมจันทร์ 08:30 - 16:00 น. สัปดาห์ที่ 1,2,3,4,5nanรักษาคลองรากฟัน

ทพญ.แขขวัญ มณีไพโรจน์พุธ 16:30 - 19:30 น. สัปดาห์ที่ 1,2,3,4,5ฟัน ดูแลได้ตั้งแต่ฟันน้ำนมซี่แรก(First Tooth)ทันตกรรมศัลยศาสตร์ช่องปากและแม็กซิลโลเฟเชียล

การตรวจฟันและการส่งเสริมสุขภาพฟัน เด็กทุกคนควรได้รับการตรวจสุขภาพช่องปากและ ฟันโดยทันตแพทย์ที่อายุ 1-2 ปี 7. การตรวจคัดกรองทางห้องปฏิบัติการ 7.1 ทารกแรกเกิดทุกรายจะได้รับการตรวจคัดกรองเพื่อหาภาวะบกพร่องฮอร์โมนไทรอยด์ 7.

ทพ.ชวินทร์ อัครวรกุลชัยnanฟัน ดูแลได้ตั้งแต่ฟันน้ำนมซี่แรก(First Tooth)ทันตกรรมศัลยศาสตร์ช่องปากและแม็กซิลโลเฟเชียล

ทพญ.นราวัลลภ์ เชี่ยววิทย์nanฟัน ดูแลได้ตั้งแต่ฟันน้ำนมซี่แรก(First Tooth)ทันตกรรมสาหรับเด็ก

ทพญ.พัชรมัย อดออมพานิชnanฟัน ดูแลได้ตั้งแต่ฟันน้ำนมซี่แรก(First Tooth)ทันตกรรมประดิษฐ์

อ. ทพ.ชูเกียรติ วชิรลาภไพฑูรย์nanฟัน ดูแลได้ตั้งแต่ฟันน้ำนมซี่แรก(First Tooth)ทันตกรรมประดิษฐ์

ทพญ.ณัฐินี โกษาคารnanฟัน ดูแลได้ตั้งแต่ฟันน้ำนมซี่แรก(First Tooth)ทันตกรรมจัดฟัน

53 การดูแลฟันและช่องปาก ฟันน�้านมเริ่มขึ้นที่อายุ 6 เดือนขึ้นไป การดูแลฟันมีความจำเป็นเนื่องจากคนเรามีฟันแค่ 2 ชุด เท่านั้น ทั้งชีวิต การทำความสะอาดช่องปาก การแปรงฟันเป็นวธิทีำความสะอาดฟันเพ่ือขจดัแผ่นคราบจลุนิทรีย์ท่ีเกาะบนเนือ้ฟัน และป้องกนั"
เราอยากปรึกษาปัญหามีบุตรยาก แต่เราทั้งคู่ไม่สะดวกมาในวันจันทร์ พวกเราสามารถมาพบแพทย์เร็วสุดได้วันไหนคะ, คุณสามารถไปพบแพทย์ได้เร็วที่สุดในวันอังคาร เวลา 09:00 - 12:00 น. กับ รศ. นพ.สุรศักดิ์ อังสุวัฒนา หรือ รศ. นพ.มงคล เบญจาภิบาล,"รศ. นพ.สิงห์เพ็ชร สุขสมปองจันทร์ 09:30 - 12:00 น. สัปดาห์ที่ 1,2,3,4,5ประจำเดือนมาไม่ปกติ บอกอะไร? (Amenorrhea)ผู้มีบุตรยาก

รศ. นพ.สุรศักดิ์ อังสุวัฒนาอังคาร 09:00 - 12:00 น. สัปดาห์ที่ 1,2,3,4 09:00 - 19:00 น. สัปดาห์ที่ 5 พุธ 17:00 - 20:00 น. สัปดาห์ที่ 1,2,3,4,5 ศุกร์ 09:00 - 12:00 น. สัปดาห์ที่ 1,2,3,4,5ประจำเดือนมาไม่ปกติ บอกอะไร?สูติศาสตร์นรีเวชวิทยา

รศ. นพ.มงคล เบญจาภิบาลอังคาร 09:30 - 12:00 น. สัปดาห์ที่ 1,2,3,4,5 พฤหัสบดี 09:30 - 12:30 น. สัปดาห์ที่ 1,2,3,4,5ประจำเดือนมาไม่ปกติ บอกอะไร?สูติศาสตร์นรีเวชวิทยา

รศ. นพ.อัมพัน เฉลิมโชคเจริญกิจจันทร์ 13:00 - 20:00 น. สัปดาห์ที่ 1,2,3,4,5 ศุกร์ 13:00 - 20:00 น. สัปดาห์ที่ 1,2,3,4,5ประจำเดือนมาไม่ปกติ บอกอะไร?สูติศาสตร์นรีเวชวิทยา

อ. พญ.เพียงบุหลัน ยาปานพุธ 13:00 - 16:00 น. สัปดาห์ที่ 2,3 13:00 - 16:00 น. สัปดาห์ที่ 1,4,5ประจำเดือนมาไม่ปกติ บอกอะไร? (Amenorrhea)สูติศาสตร์นรีเวชวิทยา

รศ. นพ.สุภักดี จุลวิจิตรพงษ์พฤหัสบดี 09:00 - 12:00 น. สัปดาห์ที่ 1,2,3,4 09:00 - 18:00 น. สัปดาห์ที่ 5ประจำเดือนมาไม่ปกติ บอกอะไร? (Amenorrhea)สูติศาสตร์นรีเวชวิทยา

ผศ. นพ.พิสุทธิ์ ศรีชัยกุลจันทร์ 16:00 - 18:00 น. สัปดาห์ที่ 1,2,3,4,5 พุธ 09:00 - 12:00 น. สัปดาห์ที่ 1,2,3,4,5 อาทิตย์ 09:00 - 12:00 น. สัปดาห์ที่ 1,2,3,4,5ประจำเดือนมาไม่ปกติ บอกอะไร? (Amenorrhea)ผ่าตัดผ่านกล้องทางนรีเวช, มะเร็งนรีเวช

อ.พญ.ภัทรวรรณ หลิ่มศิริพฤหัสบดี 09:00 - 12:00 น. สัปดาห์ที่ 1,2,3,4,5ประจำเดือนมาไม่ปกติ บอกอะไร? (Amenorrhea)สูติศาสตร์นรีเวชวิทยา

รศ. นพ.สิทธิพร ศรีนวลนัดอังคาร 10:00 - 12:00 น. สัปดาห์ที่ 1,2,3,4,5ปัสสาวะบ่อย ปัสสาวะขัดกระเพาะปัสสาวะอักเสบหรือเปล่า?การผ่าตัดมะเร็งต่อมลูกหมากโดยใช้หุ่นยนต์

รศ. นพ.พิชัย ลีระศิริอังคาร 16:00 - 18:00 น. สัปดาห์ที่ 1,2,3,4,5 พฤหัสบดี 08:30 - 12:00 น. สัปดาห์ที่ 1,2,3,4,5 เสาร์ 13:00 - 15:30 น. สัปดาห์ที่ 1,2,3,4,5ประจำเดือนมาไม่ปกติ บอกอะไร? (Amenorrhea)สูติศาสตร์นรีเวชวิทยา"
ไม่แน่ใจว่าจะเกี่ยวกับโรคหัวใจหรือไม่ครับ อายุ 29 เพิ่งเริ่มเป็นแต่ก็เคยมีอาการมาหลายครั้งเหมือนกัน โดยบริเวณใต้ราวนม ใต้แขนซ้าย บริเวณซี่โครงส่วนบนครับ เวลาหายใจเข้าจะเจ็บแปลบ ๆๆ และขัด ๆ แต่ก็เคยไปเช็คคลื่นหัวใจที่โรงพยาบาลแล้ว หมอบอกว่าปกติครับ อยากทราบว่าจะพบแพทย์ผู้เชี่ยวชาญเฉพาะทางท่านใดได้บ้าง," จากอาการที่คุณเล่ามา อาจเกิดได้จากหลายสาเหตุ เช่น โรคหัวใจ โรคปอด โรคกระเพาะอาหาร หรือโรคกล้ามเนื้ออักเสบ เป็นต้น แนะนำให้คุณไปพบแพทย์เพื่อตรวจวินิจฉัยหาสาเหตุที่แน่ชัดและรับการรักษาที่เหมาะสมค่ะ

แพทย์ผู้เชี่ยวชาญเฉพาะทางที่คุณสามารถพบได้มีดังนี้

- รศ. นพ.เอกรินทร์ โชติกวาณิชย์
- รศ. นพ.สัชชนะ พุ่มพฤกษ์
- นพ.ปัญเกียรติ โตพิพัฒน์
- รศ. นพ.สุนัย ลีวันแสงทอง
- นพ.เอก เพ็ชรดาชัย
- อ. พญ.ชลัยรัชฎ์ สุขอวยชัย
- รศ. นพ.ชุณหเกษม   โชตินัยวัตรกุล","รศ. นพ.เอกรินทร์ โชติกวาณิชย์พุธ 13:00 - 13:30 น. สัปดาห์ที่ 1,2,3,4,5 เสาร์ 09:00 - 12:00 น. สัปดาห์ที่ 1,2,3,4,5ปัสสาวะบ่อย ปัสสาวะขัดกระเพาะปัสสาวะอักเสบหรือเปล่า?โรคนิ่วไต ท่อไต และกระเพาะปัสสาวะ, โรคเนื้องอก ไต ท่อไต และกระเพาะปัสสาวะ

รศ. นพ.ชุณหเกษม   โชตินัยวัตรกุลอังคาร 09:00 - 12:00 น. สัปดาห์ที่ 1,2,3,4,5 13:00 - 16:00 น. สัปดาห์ที่ 1,2,3,4,5โรคหัวใจ ใครเสี่ยง?การรักษาโรคหลอดเลือดหัวใจตีบ, การฉีดสี และลิ้นหัวใจตีบด้วยการถ่างขยายด้วยบอลลูน

รศ. นพ.สุนัย ลีวันแสงทองพุธ 14:30 - 15:30 น. สัปดาห์ที่ 1,2,3,4,5 พฤหัสบดี 12:00 - 14:30 น. สัปดาห์ที่ 1,2,3,4,5ปัสสาวะบ่อย ปัสสาวะขัดกระเพาะปัสสาวะอักเสบหรือเปล่า?โรคต่อมลูกหมาก

นพ.ปัญเกียรติ โตพิพัฒน์พุธ 09:00 - 12:00 น. สัปดาห์ที่ 1,2,3,4,5 ศุกร์ 09:00 - 12:00 น. สัปดาห์ที่ 1,2,3,4,5 อาทิตย์ 09:00 - 12:00 น. สัปดาห์ที่ 1,2,3,4,5โรคหัวใจ ใครเสี่ยง?อายุรศาสตร์โรคหัวใจ

อ. พญ.ชลัยรัชฎ์ สุขอวยชัยnanปัสสาวะบ่อย ปัสสาวะขัดกระเพาะปัสสาวะอักเสบหรือเปล่า?ศัลยศาสตร์ยูโร

นพ.เอก เพ็ชรดาชัยพุธ 11:00 - 11:30 น. สัปดาห์ที่ 1,2,3,4,5 13:00 - 16:00 น. สัปดาห์ที่ 1,2,3,4,5 เสาร์ 09:00 - 12:00 น. สัปดาห์ที่ 1,2,3,4,5โรคหัวใจ ใครเสี่ยง?อายุรศาสตร์โรคหัวใจ

ควรพาลกูไปพบกมุารแพทย์เพือ่วิเคราะห์หาสาเหตเุบือ้งต้น และแนวทางแก้ไข รวมถงึพจิารณา ส่งปรึกษาแพทย์ผู้เชี่ยวชาญ ถ้าพบสาเหตุที่ซับซ้อน และต้องการการรักษา และติดตามอย่างเป็นระบบ 2.

ศ.คลินิก นพ.สมชาย ศรียศชาติพุธ 10:00 - 11:00 น. สัปดาห์ที่ 1,2,3,4,5nanการผ่าตัดหัวใจพิการแต่กำเนิด, หลอดเลือดหัวใจตีบและลิ้นหัวใจ

หรือพัฒนาการของเด็ก ซึ่งโดยปกติอาการนี้จะค่อยๆ ลดน้อยลงและหายไปเองได้หลังอายุ 2-3 ปี ดังนั้น 1. ในรายที่มีอาการครั้งแรก ควรปรึกษาแพทย์เพ่ือตรวจประเมินว่ามีความผิดปกติของระบบ หัวใจ และระบบประสาทหรือไม่ 2.

รศ. นพ.สัชชนะ พุ่มพฤกษ์พุธ 13:00 - 14:30 น. สัปดาห์ที่ 1,2,3,4,5 อาทิตย์ 13:00 - 14:30 น. สัปดาห์ที่ 1,2,3,4,5โรคหัวใจ ใครเสี่ยง?การรักษาภาวะหัวใจเต้นผิดจังหวะ"
เมื่อสองปีที่แล้วพี่สาวเป็นไทรอยเป็นพิษสุดท้ายทำการกลืนแร่ และหลังจากกลืนแร่ก็ยังไม่มีอาการ มีเพียงเป็นคนที่เหงื่อออกมาไม่ทราบจะเกี่ยวกันไหมแต่ทีนี้พี่เขาก็กลัวว่าจะเป็นมะเร็ง และไม่แน่ใจว่าจะมีผลกระทบอย่างไรกับตัวเองภายหลังจากกลืนแร่ต้องทำการปฏิบัติตัวอย่างไรเป็นพิเศษไหม ควรปรึกษาแพทย์ผู้เชี่ยวชาญท่านไหนดี, ข้อมูลที่คุณให้มาไม่มีข้อมูลเกี่ยวกับไทรอยด์เป็นพิษหรือการกลืนแร่ ดังนั้นจึงไม่สามารถตอบคำถามของคุณได้,"การกนินมผสมมโีอกาสทีจ่ะเกดิอาการท้องผกูมากกว่ากนินมแม่ เช่ือว่าไขมนัในนมผสมจะรวมตวั กับแคลเซียมในนม เกิดเป็นก้อนแข็งในอุจจาระ ทำให้ไม่อยากถ่ายอุจจาระ และเวลาจะถ่ายอุจจาระจะ ร้องวุน่วายมาก เพราะรอยแผลบาดทีร่กู้น พ่อแม่ไม่ควรท้ิงปัญหาไว้นานจนทำให้ลกูไม่อยากถ่ายอจุจาระ

การดดูซึมสารอาหารบางอย่างทีผ่ดิปกตไิป เดก็จะเริม่ด้วยอาการท้องเสยี อาจมอีาการเรือ้รงั มากกว่า 2 อาทิตย์ ควรรีบพามาพบแพทย์ แนวทางการแก้ไข ให้เร่ิมกินสารนำ้ทดแทนได้ต้ังแต่เริม่ถ่ายโดยทีล่กูยงัไม่มอีาการขาดนำ้ ลกูทีก่นินมแม่ให้กนินมแม่ ต่อไป ในลูกอายุเกิน 4 เดือนที่เคยกินข้าวแล้ว

ผสมนำ้ตาลทราย 2 ช้อนชาปาด ผสม เกลือ 2 หยิบมือ หากมีผงโออาร์เอส (ORS) ควรผสมน�้าต้มสุกตามที่แนะนำข้างซอง ชงให้ลูกดื่มบ่อยๆ แล้วพามาพบแพทย์หากอาการยังไม่ดีขึ้น หรือมีไข้สูงร่วมด้วย หรือมีอาการขาดน�้ามากขึ้น เช่น ตาโหล ปัสสาวะน้อยลง กินไม่ได้ เป็นต้น ปัญหาที่พบบ่อยในเด็กอายุ

โรคบางอย่างท่ีนำมาด้วยอาการท้องผูก เช่นโรคที่มีไทรอยด์ฮอร์โมนต�่า เด็กมักมีปัญหา พัฒนาการช้าร่วมด้วย ฯลฯ หากสงสัยโรคดังกล่าวควรพาลูกไปพบแพทย์ วิธีการแก้ไข 1. ถ้าลูกอายุ 1-3 เดือน ยังกินนมแม่และนมผสม ควรงดนมผสมทั้งหมด ถ้าไม่ดีขึ้นให้น�้าส้มคั้น โดยไม่ต้องเจือจาง ถ้าอุจจาระลูกยังแข็ง ให้เปลี่ยนเป็นน�้าลูกพรุน 2. แนะนำให้ลูกกินอาหารที่มีกากใยมากขึ้น เช่น ผัก ผลไม้ ธัญพืช และดื่มน�้ามากๆ 3.

เกดิจากการตดิเชือ้บางชนดิ อจุจาระค่อนข้างเหลวถ่ายเป็นนำ้พุง่ ก้นแดง และเดก็อาจมอีาการ ท้องอืดร่วมด้วย 2.

สัปดาห์ที่ 1,2,3,4,5อย่าให้ลำไส้แปรปรวนรบกวนชีวิตคุณฝีที่ผิวหนัง, แผลติดเชื้อ, เล็บขบเรื้อรัง, ผ่าตัดริดสีดวงทวาร, ผ่าตัดไส้ติ่งด้วยวิธีการส่องกล้อง

ควรพาลกูไปพบกมุารแพทย์เพือ่วิเคราะห์หาสาเหตเุบือ้งต้น และแนวทางแก้ไข รวมถงึพจิารณา ส่งปรึกษาแพทย์ผู้เชี่ยวชาญ ถ้าพบสาเหตุที่ซับซ้อน และต้องการการรักษา และติดตามอย่างเป็นระบบ 2.

2 สัปดาห์ จุดอ่อนที่พบได้บ่อย กค็อืเมือ่พ่อแม่เห็นลกูร้องไห้มาก หรอืไม่ยอมไปโรงเรยีน บางครัง้กใ็จอ่อนยอมให้หยดุเรยีน หรอืกลบัมา จากโรงเรยีนกย็ิง่ตามใจเพิม่ขึน้ เพือ่ชดเชยกบัความเสียใจของลกูทีต่อ้งจากบ้าน กจ็ะยิง่ทำให้เกดิปญัหา ตามมาไม่รู้จบ 7.

ดังได้กล่าวข้างต้นว่าผิวทารกแรกเกิดบางกว่าผิวหนังผู้ใหญ่ ดังนั้นการดูดซึมของที่ใช้สัมผัส ผิวหนังจึงเกิดได้ง่าย จึงต้องระวังการใช้ยาทาผิวหรือสบู่ที่มีส่วนผสมของสารฆ่าเชื้อแบคทีเรีย เช่น สบู่ ยา PhisohexTM ที่มีส่วนผสมของ Hexachlorophene เพราะมีรายงานในต่างประเทศว่าทำให้ทารก เกิดอาการชักได้"
ผมตื่นมามีอาการคล้ายสิวหัวช้างที่หลังหูสามเม็ด กดเจ็บ แล้วก้อต่อมน้ำเหลืองที่คอโต ต่อมาเลยกินยาAmkเพื่อลดต่อมน้ำเหลืองกินมา2วัน อาการดีขึ้นผมจึงจัดการกับหัวสิวหัวช้างที่อยู่หลังหูใช้clinda m กับ benzac ac5 ตื่นมาอีกวันแผลตกสะเกดเฉยทั้งที่ก่อนหน้าไม่มีหัว ตกสะเกดสีดำบุ๋มลงไปประมาณครึ่ง ซม. ต่อมามีอาการปวดบวมร้อน บางเวลา มีเหมือนโดนเข็มทิ่มเจ็บจี๊ดจี๊ด ตอนนี้ ผม ซื้อ cloxaมากินคับ กังวลเหมือนกัน แผลตกสะเก็ดแต่ยัง ปวด ร้อน อยู่ ตอนนี้ก้ออาทิตนึงแล้ว กินcloxa ได้สองเม็ด อยากไปพบแพทย์เฉพาะทางท่านไหนได้บ้างครับ, จากอาการที่เล่ามา แนะนำให้ไปพบแพทย์ผิวหนังครับ,"ควรพาลกูไปพบกมุารแพทย์เพือ่วิเคราะห์หาสาเหตเุบือ้งต้น และแนวทางแก้ไข รวมถงึพจิารณา ส่งปรึกษาแพทย์ผู้เชี่ยวชาญ ถ้าพบสาเหตุที่ซับซ้อน และต้องการการรักษา และติดตามอย่างเป็นระบบ 2.

ดังได้กล่าวข้างต้นว่าผิวทารกแรกเกิดบางกว่าผิวหนังผู้ใหญ่ ดังนั้นการดูดซึมของที่ใช้สัมผัส ผิวหนังจึงเกิดได้ง่าย จึงต้องระวังการใช้ยาทาผิวหรือสบู่ที่มีส่วนผสมของสารฆ่าเชื้อแบคทีเรีย เช่น สบู่ ยา PhisohexTM ที่มีส่วนผสมของ Hexachlorophene เพราะมีรายงานในต่างประเทศว่าทำให้ทารก เกิดอาการชักได้

และสระด้วยแชมพูสำหรับเด็กวันละ 1 ครั้ง ไม่ควรแกะสะเก็ดออก เพราะจะทำให้เลือดออกหรือมีแผล ได้ง่าย ถ้ามีผื่นอักเสบ มีน�้าเหลืองควรพาทารกไปพบแพทย์ การ

เกดิจากการตดิเชือ้บางชนดิ อจุจาระค่อนข้างเหลวถ่ายเป็นนำ้พุง่ ก้นแดง และเดก็อาจมอีาการ ท้องอืดร่วมด้วย 2.

61 4. ผด เกิดจากการอุดตันของต่อมเหงื่อ พบบ่อยในทารก เพราะการทำงานของต่อมเหงื่อยังไม่ สมบรูณ์ อาจเห็นเป็นตุ่มใส ผนงับาง แตกง่าย หรอืเป็นตุม่แดง มกัพบบรเิวณทีม่ต่ีอมเหงือ่มากได้แก่ หน้า ผาก ไรผม หลัง บริเวณข้อพับของแขน การดูแลรักษา ได้แก่ พยายามหลีกเลี่ยงอากาศที่ร้อนจัด สวม

สัปดาห์ที่ 1,2,3,4,5อย่าให้ลำไส้แปรปรวนรบกวนชีวิตคุณฝีที่ผิวหนัง, แผลติดเชื้อ, เล็บขบเรื้อรัง, ผ่าตัดริดสีดวงทวาร, ผ่าตัดไส้ติ่งด้วยวิธีการส่องกล้อง

การกนินมผสมมโีอกาสทีจ่ะเกดิอาการท้องผกูมากกว่ากนินมแม่ เช่ือว่าไขมนัในนมผสมจะรวมตวั กับแคลเซียมในนม เกิดเป็นก้อนแข็งในอุจจาระ ทำให้ไม่อยากถ่ายอุจจาระ และเวลาจะถ่ายอุจจาระจะ ร้องวุน่วายมาก เพราะรอยแผลบาดทีร่กู้น พ่อแม่ไม่ควรท้ิงปัญหาไว้นานจนทำให้ลกูไม่อยากถ่ายอจุจาระ

อ. พญ.ชลัยรัชฎ์ สุขอวยชัยnanปัสสาวะบ่อย ปัสสาวะขัดกระเพาะปัสสาวะอักเสบหรือเปล่า?ศัลยศาสตร์ยูโร

รศ. นพ.สุนัย ลีวันแสงทองพุธ 14:30 - 15:30 น. สัปดาห์ที่ 1,2,3,4,5 พฤหัสบดี 12:00 - 14:30 น. สัปดาห์ที่ 1,2,3,4,5ปัสสาวะบ่อย ปัสสาวะขัดกระเพาะปัสสาวะอักเสบหรือเปล่า?โรคต่อมลูกหมาก

การดดูซึมสารอาหารบางอย่างทีผ่ดิปกตไิป เดก็จะเริม่ด้วยอาการท้องเสยี อาจมอีาการเรือ้รงั มากกว่า 2 อาทิตย์ ควรรีบพามาพบแพทย์ แนวทางการแก้ไข ให้เร่ิมกินสารนำ้ทดแทนได้ต้ังแต่เริม่ถ่ายโดยทีล่กูยงัไม่มอีาการขาดนำ้ ลกูทีก่นินมแม่ให้กนินมแม่ ต่อไป ในลูกอายุเกิน 4 เดือนที่เคยกินข้าวแล้ว"
อายุ 18 ปี ปวดปัสสาวะตอนกลางคืน แต่ไม่ได้ลุกไปปัสสาวะ ตอนเช้าเจ็บตึงท้องมาก ปัสสาวะออกมามาก อันตรายไหม ควรปรึกษาแพทย์ผู้เชี่ยวชาญท่านไหนดี," จากอาการปวดปัสสาวะตอนกลางคืน แต่ไม่ได้ลุกไปปัสสาวะ ตอนเช้าเจ็บตึงท้องมาก ปัสสาวะออกมามาก อาจเกิดจากหลายสาเหตุ เช่น กระเพาะปัสสาวะอักเสบ นิ่วในกระเพาะปัสสาวะ หรือต่อมลูกหมากโต เป็นต้น แนะนำให้ไปพบแพทย์เพื่อตรวจวินิจฉัยและรับการรักษาที่ถูกต้อง

แพทย์ผู้เชี่ยวชาญที่สามารถปรึกษาได้มีดังนี้

1. รศ. นพ.สุนัย ลีวันแสงทอง
2. ศ.คลินิก นพ.ไชยยงค์ นวลยง
3. ผศ. นพ.ศิรส จิตประไพ
4. รศ. นพ.สิทธิพร ศรีนวลนัด
5. รศ. นพ.เอกรินทร์ โชติกวาณิชย์","รศ. นพ.สุนัย ลีวันแสงทองพุธ 14:30 - 15:30 น. สัปดาห์ที่ 1,2,3,4,5 พฤหัสบดี 12:00 - 14:30 น. สัปดาห์ที่ 1,2,3,4,5ปัสสาวะบ่อย ปัสสาวะขัดกระเพาะปัสสาวะอักเสบหรือเปล่า?โรคต่อมลูกหมาก

รศ. นพ.เอกรินทร์ โชติกวาณิชย์พุธ 13:00 - 13:30 น. สัปดาห์ที่ 1,2,3,4,5 เสาร์ 09:00 - 12:00 น. สัปดาห์ที่ 1,2,3,4,5ปัสสาวะบ่อย ปัสสาวะขัดกระเพาะปัสสาวะอักเสบหรือเปล่า?โรคนิ่วไต ท่อไต และกระเพาะปัสสาวะ, โรคเนื้องอก ไต ท่อไต และกระเพาะปัสสาวะ

อ. พญ.ชลัยรัชฎ์ สุขอวยชัยnanปัสสาวะบ่อย ปัสสาวะขัดกระเพาะปัสสาวะอักเสบหรือเปล่า?ศัลยศาสตร์ยูโร

ศ.คลินิก นพ.ไชยยงค์ นวลยงพฤหัสบดี 09:00 - 10:00 น. สัปดาห์ที่ 1,2,3,4,5ปัสสาวะบ่อย ปัสสาวะขัดกระเพาะปัสสาวะอักเสบหรือเปล่า?ศัลยศาสตร์ยูโรวิทยา

รศ. นพ.อนุพันธ์ ตันติวงศ์จันทร์ 09:30 - 12:00 น. สัปดาห์ที่ 1,2,3,4,5ปัสสาวะบ่อย ปัสสาวะขัดกระเพาะปัสสาวะอักเสบหรือเปล่า?ศัลยศาสตร์ยูโร

อ. นพ.บรรณสิทธิ์ ไชยประสิทธิ์พุธ 09:00 - 12:00 น. สัปดาห์ที่ 1,2,3,4,5 พฤหัสบดี 12:00 - 14:00 น. สัปดาห์ที่ 1,2,3,4,5ปัสสาวะบ่อย ปัสสาวะขัดกระเพาะปัสสาวะอักเสบหรือเปล่า?ศัลยศาสตร์ยูโรวิทยา

67 ปัญหาการขับถ่าย ท้องผูก หมายถึง การถ่ายอุจจาระแข็ง เส้นผ่านศูนย์กลางขนาดใหญ่ หรือมีความยากลำบากในการถ่าย อุจจาระ บางครั้งอาจมีเลือดปนในอุจจาระ หรือมีแผลบริเวณทวารหนัก หรือมีการคั่งค้างที่ผิดปกติของ อุจจาระ เป็นปัญหาที่พบได้บ่อย ส่วนใหญ่ไม่ได้เกิดจากความผิดปกติของลำไส้

รศ. นพ.สิทธิพร ศรีนวลนัดอังคาร 10:00 - 12:00 น. สัปดาห์ที่ 1,2,3,4,5ปัสสาวะบ่อย ปัสสาวะขัดกระเพาะปัสสาวะอักเสบหรือเปล่า?การผ่าตัดมะเร็งต่อมลูกหมากโดยใช้หุ่นยนต์

52 การขับถ่ายและการฝึกฝน ลูกวัยแรกเกิดยังไม่สามารถควบคุมปัสสาวะได้ จะปัสสาวะโดยเฉลี่ยชั่วโมงละ 1 ครั้ง ความถี่จะ ลดลงเล็กน้อยเมื่อลูกอายุย่างเข้า 1 ขวบ และจะสามารถควบคุมการขับถ่ายปัสสาวะช่วงกลางวันได้เมื่อ อายุ 2-2.5 ขวบ ควบคุมปัสสาวะในตอนกลางคืนได้เมื่ออายุ 2.5-3 ขวบ

รศ. นพ.ธวัชชัย ทวีมั่นคงทรัพย์พฤหัสบดี 16:30 - 19:30 น. สัปดาห์ที่ 1,2,3,4,5 ศุกร์ 13:00 - 15:00 น. สัปดาห์ที่ 1,2,3,4,5 เสาร์ 09:30 - 12:00 น. สัปดาห์ที่ 1,2,3,4,5ปัสสาวะบ่อย ปัสสาวะขัดกระเพาะปัสสาวะอักเสบหรือเปล่า?ศัลยศาสตร์ยูโร"
เวียนหัวไม่หมุน โคลงเคลง เพลีย มือเท้าเย็น ไปตรวจคลินิกบอกว่าเส้นเลือดหัวใจตีบ ไปตรวจที่ รพ. ได้เดินสายพาน ผลปกติ เลยอยากตรวจกับแพทย์เฉพาะทาง," จากอาการที่เล่ามา อาจเกิดได้จากหลายสาเหตุ เช่น โรคหัวใจ โรคความดันโลหิตสูง โรคเบาหวาน โรคไทรอยด์ โรคโลหิตจาง โรคเกี่ยวกับระบบประสาท หรืออาจเกิดจากความเครียดได้เช่นกัน แนะนำให้ไปพบแพทย์เพื่อตรวจวินิจฉัยหาสาเหตุที่แน่ชัด และรับการรักษาที่เหมาะสมต่อไปค่ะ

แพทย์ที่สามารถตรวจวินิจฉัยและรักษาอาการดังกล่าวได้มีดังนี้
- รศ. นพ.วรวงศ์ ศลิษฏ์อรรถกรจันทร์
- รศ. นพ.ปรัญญา สากิยลักษณ์
- ผศ. พญ.วรางคณา บุญญพิสิฏฐ์
- รศ. นพ.ชุณหเกษม   โชตินัยวัตรกุล","รศ. นพ.ชุณหเกษม   โชตินัยวัตรกุลอังคาร 09:00 - 12:00 น. สัปดาห์ที่ 1,2,3,4,5 13:00 - 16:00 น. สัปดาห์ที่ 1,2,3,4,5โรคหัวใจ ใครเสี่ยง?การรักษาโรคหลอดเลือดหัวใจตีบ, การฉีดสี และลิ้นหัวใจตีบด้วยการถ่างขยายด้วยบอลลูน

รศ. นพ.วรวงศ์ ศลิษฏ์อรรถกรจันทร์ 10:00 - 12:00 น. สัปดาห์ที่ 1,2,3,4,5nanการผ่าตัดรักษาโรคหลอดเลือดแดงใหญ่โป่งพองด้วยสายสวน ,การผ่าตัดหลอดเลือดหัวใจตีบและลิ้นหัวใจ

รศ. นพ.สัชชนะ พุ่มพฤกษ์พุธ 13:00 - 14:30 น. สัปดาห์ที่ 1,2,3,4,5 อาทิตย์ 13:00 - 14:30 น. สัปดาห์ที่ 1,2,3,4,5โรคหัวใจ ใครเสี่ยง?การรักษาภาวะหัวใจเต้นผิดจังหวะ

ศ.คลินิก นพ.สมชาย ศรียศชาติพุธ 10:00 - 11:00 น. สัปดาห์ที่ 1,2,3,4,5nanการผ่าตัดหัวใจพิการแต่กำเนิด, หลอดเลือดหัวใจตีบและลิ้นหัวใจ

ศ.2534การรักษาโรคหลอดเลือดหัวใจตีบ การฉีดสี การถ่างขยายหลอดเลือดหัวใจ และการถ่ายขยายลิ้นหัวใจด้วยบอลลูน

สัปดาห์ที่ 1,2,3,4,5โรคหัวใจ ใครเสี่ยง?การตรวจหัวใจและหลอดเลือดหัวใจด้วยเครื่องตรวจสนามแม่เหล็กไฟฟ้าและการตรวจวิเคราะห์วงจรไฟฟ้าในหัวใจด้วยการสวนหัวใจ

รศ. นพ.เกรียงไกร ตันติวงศ์โกสีย์nanแพทยศาสตรบัณฑิต คณะแพทยศาสตร์ศิริราชพยาบาล มหาวิทยาลัยมหิดล พ.ศ.2540การผ่าตัดหัวใจพิการแต่กำเนิด, หลอดเลือดหัวใจตีบและลิ้นหัวใจ

ผศ. พญ.วรางคณา บุญญพิสิฏฐ์nanMembership of the Royal College of Physicians of ThailandMembership of the Thai Medical AssociationMembership of the Thai Heart AssociationMembership of the Thai Medical Councilการตรวจวิเคราะห์วงจรไฟฟ้าในหัวใจด้วยการสวนหัวใจ

รศ. นพ.ปรัญญา สากิยลักษณ์จันทร์ 13:00 - 14:00 น. สัปดาห์ที่ 1,2,3,4,5nanการผ่าตัดหลอดเลือดหัวใจตีบและลิ้นหัวใจ ,การผ่าตัดปอด และการผ่าตัดต่อมไทมัสโดยการส่องกล้อง ,การผ่าตัดรักษาโรคหลอดเลือดแดงโป่งพอง ,การผ่าตัดใส่เครื่องพยุงหัวใจและปอด

นพ.ปัญเกียรติ โตพิพัฒน์พุธ 09:00 - 12:00 น. สัปดาห์ที่ 1,2,3,4,5 ศุกร์ 09:00 - 12:00 น. สัปดาห์ที่ 1,2,3,4,5 อาทิตย์ 09:00 - 12:00 น. สัปดาห์ที่ 1,2,3,4,5โรคหัวใจ ใครเสี่ยง?อายุรศาสตร์โรคหัวใจ"
อยากหาแพทย์เฉพาะทางเพื่อรักษาอาการตกขาวออกมามากปนกับปัสสาวะ มีปัสสาวะแสบและปวดท้องน้อย, ไม่มีข้อมูลแพทย์เฉพาะทางสำหรับอาการตกขาวออกมามากปนกับปัสสาวะ มีปัสสาวะแสบและปวดท้องน้อยในบริบทที่ให้มา,"รศ. นพ.เอกรินทร์ โชติกวาณิชย์พุธ 13:00 - 13:30 น. สัปดาห์ที่ 1,2,3,4,5 เสาร์ 09:00 - 12:00 น. สัปดาห์ที่ 1,2,3,4,5ปัสสาวะบ่อย ปัสสาวะขัดกระเพาะปัสสาวะอักเสบหรือเปล่า?โรคนิ่วไต ท่อไต และกระเพาะปัสสาวะ, โรคเนื้องอก ไต ท่อไต และกระเพาะปัสสาวะ

อ. พญ.ชลัยรัชฎ์ สุขอวยชัยnanปัสสาวะบ่อย ปัสสาวะขัดกระเพาะปัสสาวะอักเสบหรือเปล่า?ศัลยศาสตร์ยูโร

รศ. นพ.สุนัย ลีวันแสงทองพุธ 14:30 - 15:30 น. สัปดาห์ที่ 1,2,3,4,5 พฤหัสบดี 12:00 - 14:30 น. สัปดาห์ที่ 1,2,3,4,5ปัสสาวะบ่อย ปัสสาวะขัดกระเพาะปัสสาวะอักเสบหรือเปล่า?โรคต่อมลูกหมาก

อ. นพ.บรรณสิทธิ์ ไชยประสิทธิ์พุธ 09:00 - 12:00 น. สัปดาห์ที่ 1,2,3,4,5 พฤหัสบดี 12:00 - 14:00 น. สัปดาห์ที่ 1,2,3,4,5ปัสสาวะบ่อย ปัสสาวะขัดกระเพาะปัสสาวะอักเสบหรือเปล่า?ศัลยศาสตร์ยูโรวิทยา

ศ.คลินิก นพ.ไชยยงค์ นวลยงพฤหัสบดี 09:00 - 10:00 น. สัปดาห์ที่ 1,2,3,4,5ปัสสาวะบ่อย ปัสสาวะขัดกระเพาะปัสสาวะอักเสบหรือเปล่า?ศัลยศาสตร์ยูโรวิทยา

รศ. นพ.อนุพันธ์ ตันติวงศ์จันทร์ 09:30 - 12:00 น. สัปดาห์ที่ 1,2,3,4,5ปัสสาวะบ่อย ปัสสาวะขัดกระเพาะปัสสาวะอักเสบหรือเปล่า?ศัลยศาสตร์ยูโร

ผศ. นพ.ศิรส จิตประไพอังคาร 13:00 - 16:00 น. สัปดาห์ที่ 1,2,3,4,5 ศุกร์ 14:30 - 16:00 น. สัปดาห์ที่ 1,2,3,4,5ปัสสาวะบ่อย ปัสสาวะขัดกระเพาะปัสสาวะอักเสบหรือเปล่า?ศัลยศาสตร์ยูโร

รศ. นพ.ธวัชชัย ทวีมั่นคงทรัพย์พฤหัสบดี 16:30 - 19:30 น. สัปดาห์ที่ 1,2,3,4,5 ศุกร์ 13:00 - 15:00 น. สัปดาห์ที่ 1,2,3,4,5 เสาร์ 09:30 - 12:00 น. สัปดาห์ที่ 1,2,3,4,5ปัสสาวะบ่อย ปัสสาวะขัดกระเพาะปัสสาวะอักเสบหรือเปล่า?ศัลยศาสตร์ยูโร

รศ. นพ.สิทธิพร ศรีนวลนัดอังคาร 10:00 - 12:00 น. สัปดาห์ที่ 1,2,3,4,5ปัสสาวะบ่อย ปัสสาวะขัดกระเพาะปัสสาวะอักเสบหรือเปล่า?การผ่าตัดมะเร็งต่อมลูกหมากโดยใช้หุ่นยนต์

67 ปัญหาการขับถ่าย ท้องผูก หมายถึง การถ่ายอุจจาระแข็ง เส้นผ่านศูนย์กลางขนาดใหญ่ หรือมีความยากลำบากในการถ่าย อุจจาระ บางครั้งอาจมีเลือดปนในอุจจาระ หรือมีแผลบริเวณทวารหนัก หรือมีการคั่งค้างที่ผิดปกติของ อุจจาระ เป็นปัญหาที่พบได้บ่อย ส่วนใหญ่ไม่ได้เกิดจากความผิดปกติของลำไส้"
หายใจมีเสียงหวีด ไอ เหนื่อย มีเสมหะเเหนียว เป็นมา 2 เดือน ไปหาหมอ ตรวจเอกซเรย์ ปกติดี ให้ยาขยายหลอดลมมาทาน แต่ไม่ดีขึ้นเลยอยากพบแพทย์เฉพาะทางครับ, จากอาการที่เล่ามา อาจเกิดจากโรคหอบหืด หลอดลมอักเสบเรื้อรัง โรคปอดอุดกั้นเรื้อรัง หรือวัณโรคปอด เป็นต้น แนะนำให้ไปพบแพทย์เฉพาะทางด้านอายุรกรรมโรคระบบการหายใจ เพื่อรับการตรวจวินิจฉัยและรับการรักษาที่ถูกต้องค่ะ,"รศ. นพ.เอกรินทร์ โชติกวาณิชย์พุธ 13:00 - 13:30 น. สัปดาห์ที่ 1,2,3,4,5 เสาร์ 09:00 - 12:00 น. สัปดาห์ที่ 1,2,3,4,5ปัสสาวะบ่อย ปัสสาวะขัดกระเพาะปัสสาวะอักเสบหรือเปล่า?โรคนิ่วไต ท่อไต และกระเพาะปัสสาวะ, โรคเนื้องอก ไต ท่อไต และกระเพาะปัสสาวะ

อ. พญ.ชลัยรัชฎ์ สุขอวยชัยnanปัสสาวะบ่อย ปัสสาวะขัดกระเพาะปัสสาวะอักเสบหรือเปล่า?ศัลยศาสตร์ยูโร

การตอบสนองของพ่อแม่เมื่อเกิดอาการ โดยการตามใจ ทำให้ลูกแสดงอาการมากขึ้น วิธีการแก้ไข เด็กปกติที่กลั้นหายใจ 1-2 นาที ซึ่งอาจทำให้ตัวอ่อนหรือปากเขียวนั้น ร่างกายของเด็กจะปรับให้ เดก็กลบัมาหายใจได้เองโดยอตัโนมตั ิอาการต่างๆ ทีเ่กดิจากการร้องกลัน้หายใจนีไ้ม่เป็นอนัตรายต่อร่างกาย

ผศ. นพ.เจตน์ ลำยองเสถียรnanแพทยศาสตรบัณฑิต คณะแพทยศาสตร์ศิริราชพยาบาล มหาวิทยาลัยมหิดลวุฒิบัตรผู้เชี่ยวชาญเฉพาะทางสาขาโสต ศอ นาสิกคณะแพทยศาสตร์ศิริราชพยาบาล มหาวิทยาลัยมหิดลแพทย์เฟลโลว์โรคจมูกและภูมิแพ้ ภาควิชาโสต ศอ นาสิกวิทยา

ศ.คลินิก นพ.ไชยยงค์ นวลยงพฤหัสบดี 09:00 - 10:00 น. สัปดาห์ที่ 1,2,3,4,5ปัสสาวะบ่อย ปัสสาวะขัดกระเพาะปัสสาวะอักเสบหรือเปล่า?ศัลยศาสตร์ยูโรวิทยา

ควรพาลกูไปพบกมุารแพทย์เพือ่วิเคราะห์หาสาเหตเุบือ้งต้น และแนวทางแก้ไข รวมถงึพจิารณา ส่งปรึกษาแพทย์ผู้เชี่ยวชาญ ถ้าพบสาเหตุที่ซับซ้อน และต้องการการรักษา และติดตามอย่างเป็นระบบ 2.

รศ. นพ.อนุพันธ์ ตันติวงศ์จันทร์ 09:30 - 12:00 น. สัปดาห์ที่ 1,2,3,4,5ปัสสาวะบ่อย ปัสสาวะขัดกระเพาะปัสสาวะอักเสบหรือเปล่า?ศัลยศาสตร์ยูโร

ศ.2561เฟลโลว์ สาขาวิชาโรคกล่องเสียง หลอดลม ศีรษะและคอ คณะแพทยศาสตร์ศิริราชพยาบาล มหาวิทยาลัยมหิดล พ.ศ.2561Visiting physician at Division of Thyroid and Parathyroid Surgery, Massachusetts Eye and Ear Infirmary, Harvard Medical School, Bostonประเทศสหรัฐอเมริกา พ.ศ.2561หู คอ จมูก ทั่วไป, มะเร็งศีรษะและคอ,ไทรอยด์,ผ่าตัดไทรอยด์แบบส่องกล้อง (Endoscopic Thyroidectomy)

2545โรคจมูก ไซนัส และภูมิแพ้, นอนกรน และภาวะหยุดหายใจขณะหลับ, ความผิดปกติของการรับกลิ่น และรส

รศ. นพ.สุนัย ลีวันแสงทองพุธ 14:30 - 15:30 น. สัปดาห์ที่ 1,2,3,4,5 พฤหัสบดี 12:00 - 14:30 น. สัปดาห์ที่ 1,2,3,4,5ปัสสาวะบ่อย ปัสสาวะขัดกระเพาะปัสสาวะอักเสบหรือเปล่า?โรคต่อมลูกหมาก"
มีผื่นคันเป็นขุยๆที่ขา แขนและลำตัว เวลาอากาศเย็นจะคันมาก มีช่วงที่ลาม มีช่วงที่เป็นๆหายๆ ไปหาหมอแล้วแต่ตรวจไม่พบว่าเป็นภูมิแพ้อะไร มีแพทย์เฉพาะทางท่านใดชำนาญด้านนี้บ้าง อยากตรวจด้วยค่ะ," จากอาการที่เล่ามา คล้ายกับผื่นภูมิแพ้ผิวหนัง (Atopic dermatitis) ซึ่งเป็นโรคผิวหนังอักเสบเรื้อรังชนิดหนึ่ง มักพบในเด็กเล็ก แต่สามารถเกิดขึ้นได้ในผู้ใหญ่เช่นกัน สาเหตุของผื่นภูมิแพ้ผิวหนังยังไม่เป็นที่ทราบแน่ชัด แต่เชื่อว่าเกิดจากปัจจัยหลายอย่างร่วมกัน เช่น พันธุกรรม สภาพแวดล้อม และระบบภูมิคุ้มกันที่ผิดปกติ

ผื่นภูมิแพ้ผิวหนังมักมีอาการคัน ผิวแห้ง ลอกเป็นขุย และอาจมีผื่นแดงร่วมด้วย ผื่นมักจะขึ้นที่ใบหน้า แขน ขา และลำตัว แต่สามารถขึ้นได้ที่บริเวณอื่นๆ ของร่างกายเช่นกัน

การรักษาผื่นภูมิแพ้ผิวหนังมักจะใช้ยาทาหรือยากินเพื่อบรรเทาอาการคันและอักเสบ ในบางรายอาจต้องใช้ยาฉีดหรือยาชีวภาพร่วมด้วย

หากคุณมีอาการผื่นคันเป็นขุยๆที่ขา แขนและลำตัว เวลาอากาศเย็นจะคันมาก และมีช่วงที่ลาม มีช่วงที่เป็นๆหายๆ แนะนำให้ไปพบแพทย์ผิวหนังเพื่อตรวจวินิจฉัยและรับการรักษาที่เหมาะสม

แพทย์ผิวหนังที่ชำนาญด้านผื่นภูมิแพ้ผิวหนัง ได้แก่

- แพทย์ผิวหนังเด็ก
- แพทย์ผิวหนังทั่วไป
- แพทย์ผิวหนังภูมิแพ้","รศ. พญ.ปภาพิต ตู้จินดาพฤหัสบดี 09:00 - 12:00 น. สัปดาห์ที่ 1,2,3,4,5 16:30 - 11:30 น. สัปดาห์ที่ 5 16:30 - 19:00 น. สัปดาห์ที่ 1,2,3,4 อาทิตย์ 13:00 - 16:00 น. สัปดาห์ที่ 1,2,3,4,5อาบน้ำร้อน อาบน้ำอุ่น อาบน้ำเย็นแบบไหนเหมาะกับผิวโรคภูมิแพ้และภูมิคุ้มกัน

61 4. ผด เกิดจากการอุดตันของต่อมเหงื่อ พบบ่อยในทารก เพราะการทำงานของต่อมเหงื่อยังไม่ สมบรูณ์ อาจเห็นเป็นตุ่มใส ผนงับาง แตกง่าย หรอืเป็นตุม่แดง มกัพบบรเิวณทีม่ต่ีอมเหงือ่มากได้แก่ หน้า ผาก ไรผม หลัง บริเวณข้อพับของแขน การดูแลรักษา ได้แก่ พยายามหลีกเลี่ยงอากาศที่ร้อนจัด สวม

ที่รุนแรง ในรายที่เป็นน้อยผื่นจะหายได้เอง การตรวจสุขภาพและการสร้างเสริมภูมิคุ้มกันโรค กำหนดการดูแลสุขภาพเด็กวัยแรกเกิด-3 ปี ผู้ปกครองควรพาเด็กมาพบแพทย์เพื่อตรวจสุขภาพ ทั้งหมด 8 ครั้ง คือ เมื่ออายุแรกเกิดถึง 7 วัน, 1, 2, 4, 6, 9-12, 18 เดือน, 2, 21/2 ,

นพ.ธนชิต ไกรกีรติอังคาร 16:30 - 20:00 น. สัปดาห์ที่ 1,2,3,4,5 เสาร์ 08:00 - 12:00 น. สัปดาห์ที่ 2,4 13:00 - 16:00 น. สัปดาห์ที่ 2,4nanอายุรศาสตร์โรคภูมิแพ้

รศ. นพ.ต่อพงษ์ ทองงามศุกร์ 08:30 - 11:00 น. สัปดาห์ที่ 1,2,3,4,5โรคจมูกอักเสบภูมิแพ้(Allergic rhinitis)อายุรศาสตร์โรคภูมิแพ้

แพทยสภาอนุมัติบัตรอนุสาขากุมารเวชศาสตร์โรคภูมิแพ้และภูมิคุ้มกัน แพทยสภาโรคภูมิแพ้และภูมิคุ้มกัน

ผศ. พญ.ปัญจมา ปาจารย์พุธ 13:30 - 16:00 น. สัปดาห์ที่ 1,2,3,4,5โรคจมูกอักเสบภูมิแพ้(Allergic rhinitis)กุมารเวชศาสตร์โรคภูมิแพ้ และอิมมูโนวิทยา

พญ.ศุภลักษณ์ ตั้งวลีเลิศพุธ 16:30 - 19:30 น. สัปดาห์ที่ 1,2,3,4,5nanกุมารเวชศาสตร์โรคภูมิแพ้และภูมิคุ้มกัน

ศ. พญ.อรทัย พิบูลโภคานันท์อังคาร 09:30 - 11:30 น. สัปดาห์ที่ 1,2,3,4,5โรคจมูกอักเสบภูมิแพ้(Allergic rhinitis)กุมารเวชศาสตร์โรคภูมิแพ้ และอิมมูโนวิทยา

ผศ. พญ.ชญาดา ชัยบุตรพุธ 13:00 - 16:00 น. สัปดาห์ที่ 2,4,5 เสาร์ 13:00 - 17:00 น. สัปดาห์ที่ 1,2,3,4,5อาบน้ำร้อน อาบน้ำอุ่น อาบน้ำเย็นแบบไหนเหมาะกับผิวโรคผิวหนังเกี่ยวกับแสง,การฉายแสงอาทิตย์เทียม"
ปวดตาทั้งวัน เจอแสงจ้าก็ปวด และทำงานหน้าจอนาน ๆ ไม่ได้ และจะปวดตาหนักในช่วงตอนเย็นของทุกวัน ปวดขมับ มีอาการแบบนี้มา 4-5 วันแล้ว กินยาแก้ปวดนอนพักก็ยังไม่หายเลยอยากพบแพทย์เฉพาะทางครับ, จากอาการที่เล่ามา คุณอาจมีภาวะปวดตาจากการใช้สายตาเป็นเวลานาน หรืออาจมีภาวะอื่นๆ ที่ซ่อนอยู่ เช่น โรคกระจกตา โรคจอประสาทตา หรือโรคทางระบบประสาทอื่นๆ ดังนั้นคุณควรไปพบจักษุแพทย์เพื่อรับการตรวจวินิจฉัยและรับการรักษาที่เหมาะสม,"รศ. นพ.อดิศักดิ์ ตรีนวรัตน์จันทร์ 18:20 - 19:30 น. สัปดาห์ที่ 1,2,3,4,5 พฤหัสบดี 08:54 - 11:22 น. สัปดาห์ที่ 1,2,3,4,5การถนอมสายตาโรคจอตา

อ. นพ.ปราโมทย์ เอื้อโสภณเสาร์ 09:00 - 12:00 น. สัปดาห์ที่ 1,2,3,4,5nanอาการปวดเรื้อรัง อาการปวดจากมะเร็ง และ อาการปวดจากระบบประสาท

รศ. พญ.ชารีนันท์ จิรภาไพศาลศุกร์ 09:00 - 12:00 น. สัปดาห์ที่ 1,2,3,4,5 เสาร์ 08:30 - 11:30 น. สัปดาห์ที่ 1,2,3,4,5การถนอมสายตาโรคกระจกตาและผ่าตัดแก้ไขสายตาผิดปกติ

รศ. พญ.โสมนัส ถุงสุวรรณอังคาร 08:30 - 11:00 น. สัปดาห์ที่ 1,2,3,4,5 อาทิตย์ 08:30 - 11:02 น. สัปดาห์ที่ 1,2,3,4,5nanโรคจอตา

อ. พญ.ปณตศม เง่ายุธากรจันทร์ 16:00 - 18:00 น. สัปดาห์ที่ 1,2,3,4,5 เสาร์ 08:30 - 11:30 น. สัปดาห์ที่ 1,2,3,4,5nanโรคกระจกตาและผ่าตัดแก้ไขสายตาผิดปกติ

รศ. นพ.สุนัย ลีวันแสงทองพุธ 14:30 - 15:30 น. สัปดาห์ที่ 1,2,3,4,5 พฤหัสบดี 12:00 - 14:30 น. สัปดาห์ที่ 1,2,3,4,5ปัสสาวะบ่อย ปัสสาวะขัดกระเพาะปัสสาวะอักเสบหรือเปล่า?โรคต่อมลูกหมาก

รศ. นพ.เอกรินทร์ โชติกวาณิชย์พุธ 13:00 - 13:30 น. สัปดาห์ที่ 1,2,3,4,5 เสาร์ 09:00 - 12:00 น. สัปดาห์ที่ 1,2,3,4,5ปัสสาวะบ่อย ปัสสาวะขัดกระเพาะปัสสาวะอักเสบหรือเปล่า?โรคนิ่วไต ท่อไต และกระเพาะปัสสาวะ, โรคเนื้องอก ไต ท่อไต และกระเพาะปัสสาวะ

ควรพาลกูไปพบกมุารแพทย์เพือ่วิเคราะห์หาสาเหตเุบือ้งต้น และแนวทางแก้ไข รวมถงึพจิารณา ส่งปรึกษาแพทย์ผู้เชี่ยวชาญ ถ้าพบสาเหตุที่ซับซ้อน และต้องการการรักษา และติดตามอย่างเป็นระบบ 2.

รศ. นพ.สุภเลิศ ประคุณหังสิตศุกร์ 13:40 - 15:56 น. สัปดาห์ที่ 1,2,3,4,5 เสาร์ 09:40 - 11:56 น. สัปดาห์ที่ 1,2,3,4,5แพทยศาสตรบัณฑิต คณะแพทยศาสตร์ศิริราชพยาบาล มหาวิทยาลัยมหิดล พ.ศ. 2550วุฒิบัตรสาขาจักษุวิทยา คณะแพทยศาสตร์ศิริราชพยาบาล มหาวิทยาลัยมหิดล พ.ศ.

อ. นพ.บรรณสิทธิ์ ไชยประสิทธิ์พุธ 09:00 - 12:00 น. สัปดาห์ที่ 1,2,3,4,5 พฤหัสบดี 12:00 - 14:00 น. สัปดาห์ที่ 1,2,3,4,5ปัสสาวะบ่อย ปัสสาวะขัดกระเพาะปัสสาวะอักเสบหรือเปล่า?ศัลยศาสตร์ยูโรวิทยา"
รู้สึกเหมือนมีอะไรเคลื่อนไหวในท้อง ตรงช่วงใต้ลิ้นปี่ แน่นร้าวไปชายโครง ไปเอ็กซ์เรย์มาก็ไม่เจออะไร มีแพทย์เฉพาะทางท่านใดชำนาญด้านนี้บ้าง อยากขอคำปรึกษาครับ," จากอาการที่เล่ามา คล้ายกับอาการของโรคกระเพาะอาหารอักเสบ ซึ่งอาจเกิดได้จากหลายสาเหตุ เช่น การติดเชื้อแบคทีเรีย การใช้ยาบางชนิด ความเครียด หรือการรับประทานอาหารรสจัด เป็นต้น ในกรณีนี้ แพทย์ที่สามารถให้คำปรึกษาและการรักษาได้คือ แพทย์เฉพาะทางด้านระบบทางเดินอาหาร (Gastroenterologist) ซึ่งมีแพทย์ผู้เชี่ยวชาญหลายท่านที่โรงพยาบาลจุฬาลงกรณ์ สภากาชาดไทย เช่น

1. ผศ. นพ.พิสุทธิ์ ศรีชัยกุลจันทร์
2. รศ. นพ.เอกรินทร์ โชติกวาณิชย์
3. อ. พญ.ชลัยรัชฎ์ สุขอวยชัย
4. ศ.คลินิก นพ.ไชยยงค์ นวลยง
5. ศ. นพ.ศุภชัย ศรีวิชัย","ผศ. นพ.พิสุทธิ์ ศรีชัยกุลจันทร์ 16:00 - 18:00 น. สัปดาห์ที่ 1,2,3,4,5 พุธ 09:00 - 12:00 น. สัปดาห์ที่ 1,2,3,4,5 อาทิตย์ 09:00 - 12:00 น. สัปดาห์ที่ 1,2,3,4,5ประจำเดือนมาไม่ปกติ บอกอะไร? (Amenorrhea)ผ่าตัดผ่านกล้องทางนรีเวช, มะเร็งนรีเวช

รศ. นพ.มงคล เบญจาภิบาลอังคาร 09:30 - 12:00 น. สัปดาห์ที่ 1,2,3,4,5 พฤหัสบดี 09:30 - 12:30 น. สัปดาห์ที่ 1,2,3,4,5ประจำเดือนมาไม่ปกติ บอกอะไร?สูติศาสตร์นรีเวชวิทยา

รศ. นพ.อัมพัน เฉลิมโชคเจริญกิจจันทร์ 13:00 - 20:00 น. สัปดาห์ที่ 1,2,3,4,5 ศุกร์ 13:00 - 20:00 น. สัปดาห์ที่ 1,2,3,4,5ประจำเดือนมาไม่ปกติ บอกอะไร?สูติศาสตร์นรีเวชวิทยา

รศ. นพ.สุนัย ลีวันแสงทองพุธ 14:30 - 15:30 น. สัปดาห์ที่ 1,2,3,4,5 พฤหัสบดี 12:00 - 14:30 น. สัปดาห์ที่ 1,2,3,4,5ปัสสาวะบ่อย ปัสสาวะขัดกระเพาะปัสสาวะอักเสบหรือเปล่า?โรคต่อมลูกหมาก

อ. พญ.ชลัยรัชฎ์ สุขอวยชัยnanปัสสาวะบ่อย ปัสสาวะขัดกระเพาะปัสสาวะอักเสบหรือเปล่า?ศัลยศาสตร์ยูโร

ศ.คลินิก นพ.วีรศักดิ์ วงศ์ถิรพรศุกร์ 13:00 - 16:00 น. สัปดาห์ที่ 1,2,3,4,5ประจำเดือนมาไม่ปกติ บอกอะไร? (Amenorrhea)มะเร็งนรีเวช

รศ. นพ.สิทธิพร ศรีนวลนัดอังคาร 10:00 - 12:00 น. สัปดาห์ที่ 1,2,3,4,5ปัสสาวะบ่อย ปัสสาวะขัดกระเพาะปัสสาวะอักเสบหรือเปล่า?การผ่าตัดมะเร็งต่อมลูกหมากโดยใช้หุ่นยนต์

อ.พญ.ภัทรวรรณ หลิ่มศิริพฤหัสบดี 09:00 - 12:00 น. สัปดาห์ที่ 1,2,3,4,5ประจำเดือนมาไม่ปกติ บอกอะไร? (Amenorrhea)สูติศาสตร์นรีเวชวิทยา

รศ. นพ.เอกรินทร์ โชติกวาณิชย์พุธ 13:00 - 13:30 น. สัปดาห์ที่ 1,2,3,4,5 เสาร์ 09:00 - 12:00 น. สัปดาห์ที่ 1,2,3,4,5ปัสสาวะบ่อย ปัสสาวะขัดกระเพาะปัสสาวะอักเสบหรือเปล่า?โรคนิ่วไต ท่อไต และกระเพาะปัสสาวะ, โรคเนื้องอก ไต ท่อไต และกระเพาะปัสสาวะ

รศ. นพ.พิชัย ลีระศิริอังคาร 16:00 - 18:00 น. สัปดาห์ที่ 1,2,3,4,5 พฤหัสบดี 08:30 - 12:00 น. สัปดาห์ที่ 1,2,3,4,5 เสาร์ 13:00 - 15:30 น. สัปดาห์ที่ 1,2,3,4,5ประจำเดือนมาไม่ปกติ บอกอะไร? (Amenorrhea)สูติศาสตร์นรีเวชวิทยา"
