name,location,office_hrs,phone,concept,services,link
คลินิกตรวจสุขภาพ,ชั้น 4 โซน E,วันจันทร์-วันอาทิตย์เวลา 07:00-15:00 น.,โทร:1474กด 1,ให้บริการตรวจสุขภาพประจำปี สำหรับผู้รับบริการตั้งแต่อายุ 15 ปีขึ้นไป โดยเน้นการตรวจสุขภาพให้เหมาะสมกับภาวะสุขภาพและปัจจัยเสี่ยงด้านสุขภาพกับผู้รับบริการแต่ละราย โดยผู้รับบริการจะได้รับคำแนะนำก่อนการตัดสินใจเลือกโปรแกรมการตรวจสุขภาพ  และผู้รับบริการจะได้รับการตรวจและให้คำแนะนำเรื่องสุขภาพโดยทีมแพทย์ และส่งเสริมสุขภาพโดยทีมพยาบาลที่มีความเชี่ยวชาญโดยเฉพาะ ซึ่งจะทำให้ผู้รับบริการสามารถเข้าใจยิ่งขึ้นในการปฏิบัติตัว ได้อย่างเหมาะสมกับภาวะสุขภาพของผู้รับบริการแต่ละราย เพื่อให้ผู้รับบริการทุกคนมีสุขภาพที่ดี,ให้ข้อมูลและแนะนำการตรวจสุขภาพให้เหมาะสมกับผู้รับบริการแต่ละบุคคล การตรวจร่างกายโดยแพทย์ การตรวจทางห้องปฏิบัติการที่ได้รับการรับรองตามมาตรฐานสากล การตรวจทางรังสีวิทยา แมมโมแกรม อัลตราซาวนด์ เอ็กซเรย์ปอด ให้คำแนะนำด้านวัคซีนป้องกันโรค ให้บริการส่งตรวจการตรวจหามะเร็งปากมดลูก โดยแพทย์ผู้เชี่ยวชาญที่ศูนย์นรีเวช ให้บริการส่งตรวจการตรวจสุขภาพตาโดยแพทย์ผู้เชี่ยวชาญที่ศูนย์จักษุ,https://www.siphhospital.com/th/medical-services/treatment-center/health-checkup-clinic
คลินิกเบาหวาน ไทรอยด์ และต่อมไร้ท่อ,ชั้น 4 โซน D,วันจันทร์-วันอาทิตย์เวลา 07:00-21:00 น.,โทร:1474กด 1,ให้บริการรักษาผู้ป่วยโรคเบาหวาน ไทรอยด์ และต่อมไร้ท่อ ในกลุ่มผู้ป่วยที่มีอายุ 15 ปีขึ้นไปครอบคลุมตั้งแต่การประเมินคัดกรอง ตรวจวินิจฉัย สืบค้นโรค และให้การรักษาโดยทีมแพทย์ที่มีประสบการณ์และความเชี่ยวชาญด้านเบาหวาน ไทรอยด์ และต่อมไร้ท่อ ที่พร้อมให้คำปรึกษาและการตรวจรักษาอย่างถูกต้องแม่นยำ และปลอดภัยสูงสุดแก่ผู้ป่วย พร้อมบุลคลากรทางการแพทย์ที่ให้การดูแลต้อนรับอย่างอบอุ่นและเป็นมิตร มีการติดตามผลการตรวจรักษาอย่างต่อเนื่อง เพื่อให้ผู้ป่วยสามารถดูแลตนเองได้อย่างถูกต้องและเหมาะสม,ให้บริการตรวจวินิจฉัยเพื่อรักษาโรคด้านเบาหวาน ไทรอยด์ และต่อมไร้ท่อ พร้อมประเมินภาวะแทรกซ้อนอื่นๆ เพื่อคุณภาพชีวิตที่ดีของผู้ป่วย อาทิ การประเมินภาวะเสี่ยงก่อนเป็นเบาหวาน วินิจฉัย และรักษาโรคเบาหวาน การตรวจวินิจฉัยและรักษาโรคไทรอยด์และต่อมไร้ท่อ เช่น ความผิดปกติของต่อมหมวกไต พาราไทรอยด์และต่อมใต้สมอง บริการตรวจวินิจฉัยและให้คำปรึกษาเกี่ยวกับสุขภาพเท้าสำหรับผู้ป่วยเบาหวาน บริการตัดเล็บสำหรับผู้ป่วยเบาหวาน บริการให้คำแนะนำในการปฏิบัติตัวสำหรับผู้ป่วยเบาหวาน เช่น โภชนาการและพฤติกรรมการบริโภคอาหารสำหรับผู้ป่วยเบาหวาน หรือผู้มีภาวะอ้วน การประเมินภาวะแทรกซ้อนเรื้อรังจากโรคเบาหวาน เช่น ภาวะเบาหวานขึ้นจอตา และภาวะแทรกซ้อนทางไต คลินิกดูแลสุขภาพเล็บสำหรับผู้ป่วยเบาหวาน ให้บริการดูแลเรื่องเล็บอย่างครบถ้วนสำหรับผู้ป่วยทั่วไป และผู้ป่วยเบาหวานที่มีปัญหาสำคัญอันเกิดจากแผลที่นิ้วเท้า การตัดเล็บ เล็บขบและเล็บผิดรูป พร้อมเสริมความรู้เรื่องการดูแลสุขภาพเล็บและเท้า โดยผู้เชี่ยวชาญ,https://www.siphhospital.com/th/medical-services/treatment-center/diabetes-thyroid-and-endocrine-clinic
คลินิกผู้ป่วยฉุกเฉิน,ชั้น 1 โซน A,วันจันทร์-วันอาทิตย์ตลอด 24 ชั่วโมง,โทร:1474กด 1,ที่นี่เราดูแลคุณโดยทีมแพทย์ พยาบาลและบุคลากรที่มีประสบการณ์และความเชี่ยวชาญในการดูแลผู้ป่วยภาวะฉุกเฉินได้อย่างถูกต้องรวดเร็ว มีความปลอดภัย และ เครื่องมือทางการแพทย์ที่ครบครัน พร้อมดูแลอย่างทันถ่วงที ตลอด 24 ชั่วโมง,ทีมแพทย์ฉุกเฉินพร้อมให้บริการตลอด 24 ชั่วโมง พยาบาลวิชาชีพ ซึ่งผ่านการอบรมช่วยฟื้นคืนชีพขั้นสูง ทีมศัลยแพทย์ พร้อมให้คำปรึกษาตลอด 24 ชั่วโมง เพียบพร้อมด้วย การรักษาทางอายุรกรรมและการทำศัลยกรรมอุบัติเหตุ,https://www.siphhospital.com/th/medical-services/treatment-center/emergency-clinic
คลินิกฟื้นฟูหัวใจ,ชั้น 4 โซน C,วันจันทร์-วันอาทิตย์เวลา 08:00-16:00 น.,โทร:1474กด 1,ให้บริการด้านการดูแลรักษาฟื้นฟูและส่งเสริมสมรรถภาพหัวใจ อย่างครบวงจร โดยทีมแพทย์ที่มีประสบการณ์และเชี่ยวชาญด้านการฟื้นฟู ส่งเสริมสมรรถภาพหัวใจโดยเฉพาะ ร่วมกับบุคลากรฟื้นฟูสมรรถภาพหัวใจ พร้อมด้วยอุปกรณ์และเครื่องมือที่ทันสมัย เพื่อคุณภาพชีวิตที่ดีอยู่ห่างไกลโรคและพร้อมทำกิจกรรม ที่ต้องการได้อย่างเหมาะสม,แนะนำการปรับพฤติกรรมเพื่อควบคุมปัจจัยเสี่ยงต่อการเกิดโรคหัวใจ ฟื้นฟูผู้ที่มีภาวะหัวใจขาดเลือด ฟื้นฟูภายหลังการขยายหลอดเลือดหัวใจด้วยบอลลูนใส่ขดลวด ฟื้นฟูภายหลังการผ่าตัดหลอดเลือดเลี้ยงหัวใจ ให้คำปรึกษาและจัดโปรแกรมการออกกำลังกายที่เหมาะสม สำหรับแต่ละบุคคล โดยเฉพาะผู้ที่เป็นโรคหัวใจหรือมีความเสี่ยงเป็นโรคหัวใจ โดยมีการวางแผนและตั้งเป้าหมายร่วมกันตลอดการดูแลรักษา,https://www.siphhospital.com/th/medical-services/treatment-center/cardiac-rehabilitation-clinic
ศูนย์เด็ก,ชั้น 3 โซน E,วันจันทร์-วันอาทิตย์เวลา 07:00-20:30 น.,โทร:1474กด 1,จากความเชี่ยวชาญด้านกุมารเวชศาสตร์ คณะแพทยศาสตร์ศิริราชพยาบาลที่ถ่ายทอดสู่ทีมกุมารแพทย์เฉพาะทางครบทุกสาขา และทีมพยาบาลที่มีความเชี่ยวชาญด้านเด็กโดยเฉพาะ ศูนย์เด็ก โรงพยาบาลศิริราช ปิยมหาราชการุณย์ จึงพร้อมให้การรักษาครอบคลุมทั้งโรคทั่วไป และโรคเฉพาะทางในเด็ก ครบครันด้วยเครื่องมืออันทันสมัย รวมถึงการให้คำปรึกษาด้านวัคซีน และส่งเสริมพัฒนาการเด็ก ให้บริการตรวจรักษาผู้ป่วยเด็กตั้งแต่ 1 เดือน จนถึงอายุ 15 ปี ด้วยมาตรฐานการรักษาระดับสากล ระบบการจัดการพื้นที่ที่ให้บริการแบบแยกโซน คลินิกส่งเสริมสุขภาพ และคลินิกเด็กที่รักษาโรคทั่วไป เพื่อความปลอดภัยของผู้รับบริการ นอกจากนี้ยังมีห้องตรวจพิเศษเฉพาะเด็กป่วยติดเชื้อ (Isolation room) ที่มีเครื่องมือและอุปกรณ์ที่ได้มาตรฐาน เพื่อป้องกันการแพร่กระจายของโรค และบริการห้องพักผู้ป่วยที่ออกแบบมาเพื่อเด็กโดยเฉพาะ,ศูนย์เด็ก โรงพยาบาลศิริราช ปิยมหาราชการุณย์ ให้บริการตรวจวินิจฉัยเพื่อรักษาโรคและความผิดปกติของเด็ก เช่น การตรวจรักษาโรคทั่วไป การฉีดวัคซีนและให้คำปรึกษาด้านส่งเสริมพัฒนาการเด็ก การตรวจและรักษาโรคเฉพาะทาง บริการกระตุ้นพัฒนาการเด็ก พร้อมด้วยทีมกุมารแพทย์ผู้เชี่ยวชาญเฉพาะด้าน ด้านโภชนาการ ด้านโรคติดเชื้อ ด้านโรคปอด ด้านโรคภูมิแพ้และภูมิคุ้มกัน ด้านโรคระบบต่อมไร้ท่อและเมตาบอลิซึม ด้านโรคหัวใจเด็ก ด้านโรคไต ด้านทารกแรกเกิดและปริกำเนิด ด้านประสาทวิทยา ด้านผู้ป่วยวิกฤติ ด้านโรคมะเร็งและโลหิตวิทยา ด้านระบบทางเดินอาหาร ด้านจิตเวชเด็กและวัยรุ่น ด้านพัฒนาการและพฤติกรรม กุมารศัลยศาสตร์ กระตุ้นพัฒนาการเด็ก,https://www.siphhospital.com/th/medical-services/treatment-center/childrens-center
ศูนย์ตา,ชั้น 4 โซน A,วันจันทร์-วันอาทิตย์เวลา 07:00-21:00 น.,โทร:1474กด 1,เพราะดวงตาเป็นอวัยวะที่สำคัญและซับซ้อนมากกว่าที่เห็น จึงควรได้รับการดูแลด้วยความเชี่ยวชาญและความใส่ใจเป็นอย่างยิ่ง ศูนย์ตา โรงพยาบาลศิริราช ปิยมหาราชการุณย์ มีความพร้อมในการให้บริการตรวจวินิจฉัยภาวะความผิดปกติทางสายตาสำหรับผู้ป่วยทุกวัย และให้การดูแลรักษาโรคทางจักษุที่มีความซับซ้อน โดยทีมจักษุแพทย์ที่มีความเชี่ยวชาญในทุกสาขา และบุคลากรทางการแพทย์ที่มีประสบการณ์ในการดูแลผู้ป่วยอย่างถูกวิธี ด้วยเทคโนโลยีทางการแพทย์ที่ทันสมัยและได้มาตรฐาน เพื่อความถูกต้องแม่นยำในการรักษาและความปลอดภัยสูงสุดแก่ผู้ป่วย,"ศูนย์ตา โรงพยาบาลศิริราช ปิยมหาราชการุณย์ พร้อมให้บริการตรวจวินิจฉัยและรักษาภาวะความผิดปกติของสายตา และปัญหาต่างๆ ด้านดวงตา ได้แก่ รักษาและแก้ไขปัญหาสายตาผิดปกติ ด้วย ReLEx Pro Femto LASIK PRK ที่ “The SiGHT by SiPH” โรคต้อกระจก โรคต้อหินหรือสงสัยต้อหิน/การผ่าตัดต้อกระจก โรคของเยื่อบุตาและกระจกตา โรคของน้ำวุ้นตาและจอตา เช่น เบาหวานขึ้นจอตา จุดรับภาพเสื่อม จุดรับภาพบวมพังผืดที่จุดรับภาพ จอตาลอก หลอดเลือดที่จอตาอุดตัน เลือดออกในน้ำวุ้นตา โรคของเปลือกตา ท่อน้ำตา และเบ้าตา โรคตาในเด็ก เช่น ภาวะสายตาผิดปกติ ตาเหล่ ตาขี้เกียจ  โรคของกล้ามเนื้อตาในผู้ใหญ่ โรคเกี่ยวกับคอนแทคเลนส์ โรคในกลุ่มม่านตาอักเสบ โรคของระบบประสาทจักษุ เช่น โรคของเส้นประสาทตา อาการมองเห็นภาพซ้อน กล้ามเนื้อที่เปลือกตาและใบหน้ากระตุก บริการนวดและทำความสะอาดเปลือกตา (Lid Treatment)""",https://www.siphhospital.com/th/medical-services/treatment-center/eye-center
ศูนย์ทันตกรรม,ชั้น 3  โซน A,วันจันทร์-วันเสาร์เวลา 07:00-21:00 น.วันอาทิตย์เวลา 07:00-17:00 น.,โทร:1474กด 1,ให้บริการรักษาสุขภาพช่องปากและฟันในทุกช่วงวัย รวมถึงการดูแลรักษาฟันในผู้ป่วยที่มีโรคประจำตัว อาทิ โรคหัวใจ โรคหลอดเลือดสมองตีบ โรคเบาหวาน ผู้ป่วยล้างไต ผู้ป่วยมะเร็งที่ได้รับรังสีรักษาบริเวณใบหน้า โดยทันตแพทย์ผู้เชี่ยวชาญเฉพาะทางที่ให้การดูแลรักษาและบริการด้วยใจ พร้อมเครื่องมือที่ทันสมัย มีห้องตรวจทางรังสี(X-RAY) ที่สามารถเอ็กซเรย์ช่องปากและใบหน้า เครื่องมือทุกชนิดผ่านการทำให้ปราศจากเชื้อและการควบคุมการติดเชื้อที่เข้มงวดตามมาตรฐานสากล ผู้ใช้บริการจะมีส่วนร่วมในการวางแผนการรักษากับทันตแพทย์ และได้รับการแนะนำขั้นตอนการรักษาอย่างละเอียด เพื่อให้แผน การรักษาเหมาะสมกับสภาวะของผู้ใช้บริการและผลการรักษามีคุณภาพสุงสูด,ทันตกรรมทั่วไป ตรวจวินิจฉัย วางแผนการรักษาและให้คำปรึกษา ขูดหินปูนและขัดฟัน อุดฟัน ถอนฟัน การบูรณะฟัน การอุดฟันด้วยชิ้นงานวัสดุสีเหมือนฟัน (Inlay Onlay) อุดปิดช่องฟันห่าง การเสริมผิวเคลือบฟันเพื่อความงาม ทันตกรรมสำหรับเด็ก เช่น ตรวจวินิจฉัย วางแผนการรักษาและให้คำปรึกษา การเคลือบฟันด้วยฟลูออไรด์ ขูดหินปูนและขัดฟัน อุดฟันน้ำนม ถอนฟันน้ำนม รักษารากฟันน้ำนม ครอบฟันน้ำนมด้วยวัสดุสีเหมือนฟันและโลหะไร้สนิม เครื่องมือกันฟันล้ม การรักษารากฟัน เช่น รักษารากฟันทั่วไป การรักษาโรคเหงือก ขูดหินปูน เช่น เกลารากฟัน ผ่าตัดปลูกกระดูกรองรับฟันและเนื้อเยื่อเหงือกการทำฟันปลอม เช่น ฟันปลอมทั้งปาก ฟันปลอมถอดได้บางส่วน การทำสะพานฟัน และการครอบฟัน ศัลยกรรมช่องปาก เช่น ถอนฟันปกติ ถอนฟันคุด ผ่าตัดตกแต่งกระดูกและเนื้อเยื่อ รักษาอาการบวมบริเวณใบหน้าที่มีสาเหตุมาจากฟัน การฟอกสีฟัน เช่น การฟอกสีฟันในคลินิก การฟอกสีฟันที่บ้าน,https://www.siphhospital.com/th/medical-services/treatment-center/dental-center
ศูนย์ทางเดินปัสสาวะ,ชั้น 4 โซน A,วันจันทร์-วันอาทิตย์เวลา 07:00-19:00 น.,โทร:1474กด 1,ศูนย์ทางเดินปัสสาวะให้บริการตรวจวินิจฉัยและรักษาโรคเกี่ยวกับระบบทางเดินปัสสาวะ นำเทคโนโลยีทางการแพทย์และเครื่องมือพิเศษที่ทันสมัยเพื่อใช้ในการตรวจวินิจฉัยและทำการรักษา โดยแพทย์ผู้เชี่ยวชาญเฉพาะทาง และทีมสหสาขาที่มีความรู้ความชำนาญในการรักษาโรคเกี่ยวกับระบบทางเดินปัสสาวะ มีการประเมินคัดกรองอาการในขั้นตอนการตรวจวินิจฉัย พร้อมให้ความรู้ความเข้าใจเกี่ยวกับโรค และติดตามผลการรักษาอย่างต่อเนื่องเพื่อความปลอดภัยของผู้ป่วย ด้วยการบริการที่มีคุณภาพตามมาตรฐานระดับสากล,การตรวจด้วยเครื่องมือพิเศษ ได้แก่ การตรวจวัดความแรงของปัสสาวะ (Uroflowmetry) การตรวจยูโรพลศาสตร์ร่วมวีดิทัศน์ (Video-urodynamics) การตรวจไตด้วยเครื่องอัลตร้าซาวน์ (Renal Ultrasound) การตรวจกระเพาะปัสสาวะด้วยเครื่องอัลตร้าซาวน์ (Bladder Ultrasound) การตรวจด้วยเครื่องอัลตราซาวน์ผ่านทวารหนัก (Transrectal Ultrasound: TRUS)  การส่องกล้องกระเพาะปัสสาวะ (Cystoscopy/Flexible Cystoscopy) การส่องกล้องกระเพาะปัสสาวะเพื่อตัดชิ้นเนื้อกระเพาะปัสสาวะ (Cystoscopy with Biopsy Bladder) การส่องกล้องกระเพาะปัสสาวะเพื่อจี้ห้ามเลือดในกระเพาะปัสสาวะ (Cystoscopy with Cauterization) การส่องกล้องกระเพาะปัสสาวะเพื่อใส่สายระบายปัสสาวะในท่อไต (Cystoscopy for Double J Stent Insertion) การส่องกล้องกระเพาะปัสสาวะเพื่อเปลี่ยน/ถอดสายระบายปัสสาวะในท่อไต (Cystoscopy for Double J Stent Changing/Removal) การฉีดสารทึบรังสีในกรวยไตผ่านทางกล้องส่องกระเพาะปัสสาวะ (Retrograde Pyelography) การฉีดสารทึบรังสีในกรวยไต (Antegrade Pyelography) การทำหัตถการ ได้แก่ การขยายท่อปัสสาวะ (Urethral Dilation) การสวนล้างกระเพาะปัสสาวะ (Bladder Irrigation) การใส่ยาเคมีบำบัด/วัคซีน BCG ในกระเพาะปัสสาวะ (Intravesical Chemo/Immunotherapy) การตัดชิ้นเนื้อต่อมลูกหมากผ่านทางทวารหนักโดยใช้อัลตร้าซาวน์ (Transrectal Ultrasoud Guided Biopsy of Prostate Gland : TRUSbx) การใส่สายสวนคาปัสสาวะ (Indwelling Catheterization or Retained Catheterizations) การเปลี่ยน/ถอนสายสวนคาปัสสาวะ (Change/Remove Indwelling Catheterization) การเปลี่ยนสายระบายปัสสาวะจากไตและท่อไต (Change Nephrostomy/Ureterostomy) การขบนิ่วที่กระเพาะปัสสาวะ (Cystolithotripsy) การขลิบหนังหุ้มปลายองคชาติ (Circumcision) การทำหมันชาย (Vasectomy) การตัดลูกอัณฑะ (Orchiectomy) การตัดชิ้นเนื้อเพื่อส่งตรวจ (Tissue Biopsy),https://www.siphhospital.com/th/medical-services/treatment-center/urology-center
ศูนย์ทางเดินอาหารและตับ,ชั้น 4 โซน A,วันจันทร์-วันศุกร์ เวลา 07:00-21:00 น.วันเสาร์-วันอาทิตย์ เวลา 07:00-18:00 น.,โทร:1474กด 1,ที่นี่เรารวมความเป็นเลิศ ด้วยทีมแพทย์สหสาขา ที่มีความสามารถระดับแนวหน้าของประเทศ ไว้เป็นหนึ่งเดียว ทั้งอายุรแพทย์และศัลยแพทย์ ที่มีความเชี่ยวชาญ พร้อมไปด้วยประสบการณ์การรักษาเฉพาะทาง โรคระบบเดินทางอาหาร ที่มีความยากและซับซ้อนในการดูแลรักษา การรักษาโรคด้วยวิธีการส่องกล้องในรูปแบบต่างๆ โดยศูนย์จะประกอบไปด้วยทีมอายุรแพทย์ ศัลยแพทย์ระบบทางเดินอาหารและวิสัญญีแพทย์ ตลอดจนแพทย์สาขาอื่นๆที่เกี่ยวข้อง อาทิ รังสีแพทย์และแพทย์ที่เชี่ยวชาญทางด้านเคมีบำบัด ซึ่งมีอุปกรณ์การสืบค้นและการรักษาที่ครบวงจร ภายในที่เดียวกัน ในกรณีที่ต้องมีการส่องกล้องตรวจหรือผ่าตัด ผู้มารับบริการทุกรายจะอยู่ในความดูแลของวิสัญญีแพทย์ การดูแลจากเจ้าหน้าที่ที่มีความเชี่ยวชาญและผ่านการฝึกฝนเป็นอย่างดี ด้วยความเอาใจใส่และมุ่งมั่น ในการให้บริการ พร้อมด้วยเทคโนโลยีที่ทันสมัย ทั้งในการตรวจและรักษา เพื่อลดความเสี่ยงของการเกิดภาวะแทรกซ้อน และลดระยะเวลาการพักฟื้นของผู้ป่วย,ศูนย์ทางเดินอาหารและตับ บริการให้คำปรึกษา ตรวจวินิจฉัย และรักษาครอบคลุมทุกปัญหา โรคระบบทางเดินอาหารและตับ ด้วยเทคโนโลยีที่ทันสมัย และให้บริการครบวงจรในที่เดี่ยว กลุ่มอาการและโรคที่พบบ่อย อาทิ โรคกระเพาะอาหารและกรดไหลย้อน โรคไวรัสตับอักเสบบีเรื้อรัง โรคนิ่วในถุงน้ำดี โรคมะเร็งลำไส้ และทวารหนัก โรคมะเร็งตับและโรคอื่นๆ ได้แก่ ปวดท้อง โรคตับเนื่องมาจากการดื่มแอลกอฮอล์ Barrett's esophagus โรคของท่อน้ำดี มะเร็งในระบบทางเดินอาหาร โรคลำไส้อักเสบที่เกิดจากการแพ้สารกลูเตน(Celiac disease) การขับถ่ายที่เปลี่ยนแปลงไป เช่น ท้องผูกสลับท้องเสีย มะเร็งท่อน้ำดี มะเร็งตับ ตับแข็ง ลำไส้ใหญ่อักเสบ ลำไส้อักเสบเรื้อรัง ติ่งเนื้อในลำไส้ใหญ่ ท้องผูก ท้องเสีย โรคกระเปาะที่ลำไส้ใหญ่ (diverticulosis) โรคของถุงน้ำดี นิ่ว โรคกระเพาะอาหารและลำไส้อักเสบ โรคกรดไหลย้อน (Gastroesophageal reflux disease: GERD) ภาวะติดเชื้อในทางเดินอาหาร อาการแสบยอดอก (heartburn) ตับอักเสบ มีเลือดออกในลำไส้ โรคลำไส้อักเสบ โรคลำไส้แปรปรวน (irritable bowel syndrome : IBS) โรคไขมันพอกตับ โรคของตับอ่อน โรคแผลในระบบทางเดินอาหาร เลือดออกที่ทวารหนัก โรคแผลในกระเพาะอาหาร กลืนลำบาก,https://www.siphhospital.com/th/medical-services/treatment-center/gastrointestinal-and-liver-center
ศูนย์นรีเวช,ชั้น 2 โซน E,วันจันทร์-วันอาทิตย์เวลา 07:00-21:00 น.,โทร:1474กด 1,ให้ความสำคัญในการดูแลและป้องกันปัญหาทางนรีเวช ไปจนถึงการวินิจฉัย ป้องกัน และรักษาโรคของสตรีโดยเฉพาะ โดยแพทย์ที่มีความเชี่ยวชาญเฉพาะทาง พร้อมเครื่องมือทางการแพทย์ที่ทันสมัย เพื่อให้มั่นใจได้ถึงประสิทธิภาพในการรักษา และความปลอดภัยสูงสุดของผู้ป่วย ด้วยบริการที่อบอุ่นและจริงใจทั้งก่อนและหลังการรักษา  เพราะเราใส่ใจในสุขภาพและตระหนักถึงความแตกต่างของผู้หญิงในแต่ละช่วงวัย,การตรวจทางนรีเวชทั่วไป (Gynecological Check-up services) เช่น การตรวจภายใน ภาวะตกขาวผิดปกติ (Abnormal vaginal discharge) ประจำเดือนผิดปกติ (Abnormal Menstruation) ปวดท้องน้อย (Pelvic pain) ปวดท้องประจำเดือน (Dysmenorrhea) การตรวจคัดกรองมะเร็งปากมดลูก (Pap Smear test) การตรวจหาเชื้อไวรัสที่เป็นสาเหตุของมะเร็งปากมดลูก (HPV DNA) การตรวจอัลตร้าซาวด์ (Ultrasound) ตรวจอัลตร้าซาวด์ทางหน้าท้อง (Transabdominal Ultrasound) ตรวจอัลตร้าซาวด์ทางช่องคลอด (Transvaginal Ultrasound) ตรวจอัลตร้าซาวด์ทางทวารหนัก (Transrectal Ultrasound) การตรวจรอยโรคในโพรงมดลูก ด้วยการฉีดน้ำเกลือผ่านสายยางเข้าไปในโพรงมดลูกแล้วตรวจด้วยเครื่องอัลตราซาวด์ (Ultrasound with Saline Infusion Sonohysterography) การตัดติ่งเนื้อที่ปากมดลูก (Twisted / Polypectomy) การเก็บตัวอย่างชิ้นเนื้อภายในโพรงมดลูก (Endometrial sampling) การตรวจและรักษาเนื้องอกมดลูกและรังไข่โดยการผ่าตัด การผ่าตัดแบบเปิดหน้าท้อง (Abdominal surgery) การผ่าตัดผ่านกล้อง (Laparoscopic surgery) การส่องกล้องโพรงมดลูก (Hysteroscopy) การส่งตรวจเอ็กซเรย์โพรงมดลูก (Hysterosalpingography) การผ่าตัดทำหมันผ่านกล้อง (Laparoscopic Tubal Sterilization) การผ่าตัดแก้หมัน (Tuboplasty) การรักษาผู้ป่วยโรคเพศสัมพันธ์สตรี (Sexual transmissted disease)ให้คำปรึกษาภาวะมีบุตรยาก (Infertility) ภาวะวัยทอง (Menopausal disorder) ประจำเดือนผิดปกติ (Abnormal menstruation) ปวดประจำเดือน (Dysmenorrhea) ปวดท้องน้อยเรื้อรัง (Chronic Pelvic Pain) การส่งตรวจความหนาแน่นของกระดูก (Bone density) การส่งตรวจเอกซเรย์เต้านม (Mammogram/Ultrasound) การตรวจระบบทางเดินปัสสาวะทางนรีเวช เช่น การตรวจและรักษาอวัยวะอุ้งเชิงกรานหย่อน (Pelvic Organ Prolapse) โดยการผ่าตัด เช่น การผ่าตัดมดลูกออกทางช่องคลอดและเย็บผนังช่องคลอด (Vaginal hysterectomy and AP repair) การตรวจรักษาภาวะไอจามปัสสาวะเล็ด (Stress Urinary Incontinence) โดยการผ่าตัด การรักษาภาวะกลุ่มอาการผิดปกติบริเวณกระเพาะปัสสาวะ (Painful Bladder Syndrome) มะเร็งระบบสืบพันธุ์สตรี เช่น การตรวจมะเร็งปากมดลูกโดยใช้กล้องขยาย (Colposcopy) การตัดตัวอย่างชิ้นเนื้อจากปากมดลูก (Cervical Biopsy) การคุมกำเนิดวางแผนครอบครัว เช่น การกินยาคุมกำเนิด (Oral Contraceptive Pill) การฉีดยาคุมกำเนิด (Contraceptive Injection) การใส่ห่วงคุมกำเนิด (Intrauterine Device) การฝังยาคุมกำเนิด (Contraceptive implant),https://www.siphhospital.com/th/medical-services/treatment-center/women-center
ศูนย์ผิวหนังและศัลยกรรมตกแต่ง,ชั้น 3 โซน A,วันจันทร์-วันอาทิตย์เวลา 08:00-19:00 น.,โทร:1474กด 1,ศูนย์ผิวหนังและศัลยกรรมตกแต่ง โรงพยาบาลศิริราช ปิยมหาราชการุณย์ เราใส่ใจดูแลคุณด้วยทีมแพทย์และพยาบาลผู้เชี่ยวชาญเฉพาะทางด้านโรคผิวหนังและศัลยกรรมตกแต่ง ด้วยการให้คำปรึกษา ตรวจวินิจฉัย และรักษาครอบคลุมทุกปัญหาตามหลักวิชาแพทย์ โดยคำนึงถึงประโยชน์ของผู้รับบริการเป็นที่ตั้ง และใช้เทคนิคการรักษาใหม่ผสมผสานกับเทคโนโลยีที่ทันสมัยตามมาตรฐานสากล เพื่อให้ผู้รับบริการได้รับความปลอดภัยสูงสุด,การให้บริการปัญหาโรคผิวหนัง และ สุขภาพผิว ได้แก่โรคผิวหนัง เช่น สะเก็ดเงิน มะเร็งผิวหนัง ผื่นแพ้สัมผัส สิว เลเซอร์ดูแลสุขภาพผิว เช่น กระ ฝ้า ไฝ ปานดำ ปานแดง หลุมสิว ​​​กำจัดขน เส้นผม / หนังศิรษะ เช่น ผมบาง ผมร่วง ฟื้นฟูสุขภาพผิว เช่น การทายา (Chemical Peeling) โบทอกซ์ ฟิลเลอร์ Laser และIPL ภูมิแพ้ผิวหนัง ลมพิษ กลุ่มอาการของโรค SLE ที่สัมพันธ์กับอาการทางผิวหนัง การให้บริการด้านศัลยกรรมตกแต่งทั้งการรักษาและการผ่าตัด ได้แก่ ศัลยกรรมภาวะบวมน้ำเหลือง เช่น การผ่าตัดต่อทางเดินน้ำเหลือง การผ่าตัดปลูกถ่ายต่อมน้ำเหลือง การผ่าตัดลดขนาดอวัยวะบวมน้ำเหลือง กุมารศัลยกรรมตกแต่ง เช่น การผ่าตัดแก้ไขปากแหว่ง เพดานโหว่ และความพิการทางใบหน้า กะโหลกศีรษะ การผ่าตัดเนื้องอกเส้นเลือด และปานตั้งแต่กำเนิด ศัลยกรรมมือ เช่น การผ่าตัดความพิการทางมือตั้งแต่กำเนิด การผ่าตัดแก้ไขหลังจากอุบัติเหตุ ศัลยกรรมตกแต่งแผลเป็น เช่น การผ่าตัดแก้ไขแผลเป็นจากการผ่าตัด อุบัติเหตุ ไฟไหม้น้ำร้อนลวก แผลเป็นนูน และแผลเป็นคีลอยด์ ศัลยกรรมโครงกระดูกใบหน้าและขากรรไกร เช่น การผ่าตัดกระดูกหน้าผาก การผ่าตัดโหนกแก้ม การผ่าตัดกระดูกกราม การผ่าตัดเลื่อนขากรรไกร การผ่าตัดกระดูกคาง การดูแลแผลสด แผลเรื้อรังและแผลเท้าเบาหวาน การรักษาหลังอุบัติเหตุไฟไหม้ และน้ำร้อนลวก ศัลยกรรมเปลือกตา เช่น การผ่าตัดแก้ไขหนังตาบนตก การผ่าตัดแก้ไขถุงใต้ตา การผ่าตัดสร้างชั้นตา การผ่าตัดแก้ไขตาลึกโหล การผ่าตัดปรับรูปหัวตา ศัลยกรรมแก้ไขจมูก เช่น การผ่าตัดแก้ไขหลังอุบัติเหตุที่จมูก การผ่าตัดแก้ไขความผิดรูปของจมูก ศัลยกรรมเสริมสร้างอวัยวะหลังการผ่าตัด เช่น การผ่าตัดเสริมสร้างเต้านมหลังการผ่าตัดมะเร็ง การผ่าตัดปิดแผลขนาดใหญ่โดยใช้วิธีเคลื่อนย้ายเนื้อเยื่อ ศัลยกรรมใบหน้า เช่น การผ่าตัดแก้ไขหน้าเบี้ยว เทคโนโลยีการรักษาและฟื้นฟูสภาพผิว Thermage คือ เทคโนโลยีระดับสูงในการยกกระชับผิวและลดริ้วรอย ช่วยให้แลดูอ่อนวัยอย่างเป็นธรรมชาติโดยการปล่อยคลื่นวิทยุ (Monopolar RF) เปลี่ยนเป็นมวลความร้อนลงลึกถึงชั้นผิวหนังแท้ ทำให้คอลลาเจนหดตัวและกระตุ้นการสร้างคอลลาเจนใหม่ เพื่อช่วยยกกระชับผิวอย่างต่อเนื่อง ผลลัพธ์ที่ได้คือ ยกกระชับผิว ปรับรูปหน้า และลดเซลลูไลท์โดยไม่ต้องผ่าตัด หลังการรักษาจะไม่มีรอยแผล ไม่ต้องพักฟื้น และสามารถใช้ชีวิตได้ตามปกติ Picosecond Laser อีกก้าวของนวัตกรรมเลเซอร์ รักษากระ จุดด่างดำ ลบรอยสัก ปรับสีผิวให้กระจ่างใส ไร้ริ้วรอย และกระตุ้นการสร้างคอลลาเจน ทำให้ผิวเรียบเนียน รักษารอยแผลเป็น ด้วยเทคโนโลยีของ Picosecond Laser ที่สามารถให้พลังงานสูงในช่วงระยะเวลาที่สั้นมาก ทำให้เม็ดสีแตกตัว ได้อย่างละเอียด จึงใช้เวลาในการรักษาน้อยกว่าเครื่องเลเซอร์ในระบบเดิม Pulsed Dye Laser เลเซอร์ใช้รักษารอยแดงสิว เส้นเลือดฝอย ปานแดง เนื้องอกหลอดเลือด แผลเป็นสีแดง ด้วยหลักการส่งผ่านความร้อนลงไปยังชั้นผิวหนังแท้ ทำให้เส้นเลือดที่ผิดปกติถูกทำลายอย่างแม่นยำ ไม่กระทบกับเนื้อเยื่อที่ปกติ ไม่ทำให้เกิดแผลหลังการรักษา สามารถดูแลผิวและแต่งหน้าได้ตามปกติ จำนวนครั้งในการรักษาขึ้นอยู่กับชนิดและความรุนแรงของรอยแดง Q- Switched Laser เป็นเลเซอร์ที่ใช้รักษาจุดด่างดำ กระแดด กระลึก และปานดำ รวมถึงใช้ลบรอยสัก เนื่องจากเลเซอร์ชนิดนี้มีคุณสมบัติพิเศษในการทำลายเม็ดสีและอนุภาคของผงหมึกอย่างเฉพาะเจาะจง ลดโอกาสเสี่ยงในการเกิดแผลเป็นหรือผลข้างเคียงหลังการรักษา Q- Switched Laser จึงเป็นทางเลือกที่ให้ผลการรักษาที่น่าพอใจ Carbon dioxide Laser เป็นแสงเลเซอร์ที่มีความยาวคลื่น 10600 นาโนเมตร เป็นความยาวคลื่นที่น้ำภายในเซลล์ผิวหนังดูดซึมได้ดี ช่วยให้แสงเลเซอร์สามารถตัดผิวหนังได้ เลเซอร์นี้ขณะยิงจะให้พลังงานความร้อนที่ผิวหนังทำให้เกิดเส้นเลือดหดตัว จึงไม่ค่อยมีเลือดออกขณะทำ จุดที่ยิงมีขนาดเล็กมากและพลังงานความร้อนที่กระจายไปเนื้อเยื่อรอบๆ มีปริมาณน้อยมาก จึงทำให้รอยแผลหลังทำเลเซอร์มีขนาดเล็ก ดูแลง่าย โอกาสเกิดแผลเป็นน้อย สามารถใช้รักษาไฝ ขี้แมลงวัน กระ หูด กระเนื้อ เปิดหัวสิวอุดตัน ต่อมไขมันโต และสิวหิน Fractional Laser (Erbium Yag Laser/Carbon dioxide Laser) เป็นเลเซอร์ที่ใช้รักษาแผลหลุมสิว ปัญหารูขุมขน และลบริ้วรอยได้อย่างมีประสิทธิภาพ โดยการใช้พลังงานแสงที่เข้มข้น ซึ่งจะถูกเปลี่ยนไปเป็นพลังงานความร้อนเมื่อลงไปยังชั้นหนังแท้ กระตุ้นให้หนังแท้สร้างเส้นใยคอลลาเจนขึ้นมาใหม่ ช่วยให้ผิวเรียบเนียนและแผลหลุมตื้นขึ้น การทำงานของเครื่องเลเซอร์ถูกควบคุมด้วยระบบคอมพิวเตอร์ เพื่อส่งพลังงานแสงไปยังเนื้อเยื่อเป้าหมายอย่างแม่นยำ จึงทำให้เกิดแผลหลังการรักษาน้อยมาก หลังการรักษาจะมีสะเก็ดบางๆ ซึ่งจะหลุดลอกหมดภายในระยะเวลา 5-7 วัน ควรรักษาอย่างต่อเนื่องเดือนละ 1 ครั้ง ติดต่อกัน 3-5 เดือน Ellipse Nordlys ใช้เทคโนโลยี Selective Waveband Technology (SWT) เป็นนวัตกรรมเทคโนโลยีการรักษาและฟื้นฟูสภาพผิว เช่น รอยแดงจากสิว และเส้นเลือดแดงฝอย กระ ฝ้า และจุดด่างดำต่างๆ กำจัดขนถาวร เส้นเลือดขอด และการฟื้นฟูสภาพผิว (Photo Rejuvenation) ในขณะทำการรักษาคนไข้อาจรู้สึกร้อน แต่ภายหลังการรักษาคนไข้จะรู้สึกสบาย ไม่แสบร้อน และสามารถทำกิจวัตรประจำวันต่างๆ ได้ตามปกติ การปลูกผมไร้แผลเป็น ซึ่งเป็นวิธีที่คิดค้นเพื่อลดแผลเป็นจากการผ่าตัดบริเวณท้ายทอย โดยใช้เครื่องมือพิเศษที่มีหัวเจาะทำจากโลหะไททาเนียม (Titanium Punch) เพื่อทำการย้ายเซลล์รากผมจากบริเวณท้ายทอยมาปลูกบริเวณที่มีศีรษะล้าน ซึ่งหลังการผ่าตัดจะมีแผลขนาดเล็กมากจนแทบมองไม่เห็น ประมาณจุดละ 1 มิลลิเมตรเท่านั้น ซึ่งแผลจะหายเองโดยไม่ต้องเย็บแต่อย่างใด นวัตกรรมศัลยกรรมตกแต่ง การผ่าตัดแก้ไขหนังตาบนตก คือ หนังตาตกเป็นปัญหาที่พบได้ค่อนข้างบ่อย อาจเกิดได้จากหลายสาเหตุ การที่เปลือกตาตกลงมาต่ำกว่าระดับปกติอาจทำให้คนที่เป็น ต้องใช้แรงจากกล้ามเนื้อหน้าผากในการพยายามดึงหนังตาขึ้นเพื่อจะได้มองเห็นได้ชัด หรือบางครั้งต้องแหงนหน้าขึ้นจึงจะมองเห็นชัด ปัญหาหนังตาบนตกแก้ไขโดย: การผ่าตัดส่วนเกินเปลือกตาออกและแก้ไขกล้ามเนื้อที่ยกหนังตา หลังการรักษาผู้ป่วยสามารถกลับไปพักฟื้นที่บ้านได้ ข้อดีของการผ่าตัด: ผู้ป่วยสามารถเปิดตาได้ดีขึ้น การผ่าตัดเลื่อนกระดูกขากรรไกร คือ ความผิดปกติของกระดูกขากรรไกร ย่อมเป็นอุปสรรคต่อรอยยิ้มและใบหน้า ความผิดปกติของกระดูกขากรรไกรบนหรือล่างที่ยื่นออกหรือยุบเข้ามากกว่าปกติ จะส่งผลต่อการสบฟันที่ผิดปกติด้วย การรักษาโดยการผ่าตัดเลื่อนกระดูกขากรรไกร: ผู้ป่วยจะได้รับการประเมินและตรวจรักษาจากทันตแพทย์จัดฟัน และศัลยแพทย์ตกแต่งก่อนการผ่าตัด ข้อดีของการผ่าตัด: ช่วยแก้ไขความผิดปกติของกราม การผ่าตัด ต่อท่อทางเดินน้ำเหลืองอุดตัน คือ ภาวะบวมน้ำเหลือง (Lymphedema) เป็นการคั่งค้างสะสมของน้ำเหลืองชั้นใต้ผิวหนัง อันเนื่องมาจากทางเดินน้ำเหลืองบริเวณที่ใกล้เคียงกันนั้นอุดกั้นหรือถูกทำลาย ระยะและความรุนแรงของโรค ขึ้นอยู่กับความเสียหายของหลอดน้ำเหลืองและเนื้อเยื่อข้างเคียง โดยในระยะแรกอาจไม่แสดงอาการใดๆ ตามมาด้วยอาการบวม เมื่อใช้นิ้วกดแล้วเป็นรอยบุ๋ม ต่อมาผิวหนังมีความผิดปกติ เริ่มมีการสะสมของพังผืดใต้ผิวหนังมาก ผิวมีสีคล้ำและหนาขึ้น หากปล่อยทิ้งไว้จะเกิดการอักเสบติดเชื้อใต้ผิวหนัง (Cellulitis) และถ้าหากไม่ได้รับการรักษาอย่างเหมาะสม อาจนำไปสู่ภาวะแทรกซ้อนที่รุนแรงได้ การรักษาภาวะบวมน้ำเหลืองโดย: การผ่าตัดด้วยเทคนิคจุลศัลยกรรม (Microsurgery) การผ่าตัดด้วยเทคนิคจุลศัลยกรรมช่วยลดอาการติดเชื้อได้ดีขึ้น อาการหนักๆ หายไป ไม่ต้องใส่ถุงรัดท่อ และทำการผ่าตัดภายใต้การฉีดยาชา โดยใช้เวลาผ่าตัดน้อยผู้ป่วยสามารถฟื้นตัวได้เร็ว,https://www.siphhospital.com/th/medical-services/treatment-center/skin-and-plastic-surgery-center
ศูนย์มะเร็ง,ชั้น 1 โซน E,วันจันทร์-วันเสาร์เวลา 08:00-17:00 น.,โทร:1474กด 1,จากความพรั่งพร้อม ของทีมแพทย์ สู่มาตรฐานในการรักษา แบบองค์รวมให้บริการรักษาแบบ Multidisciplinary Care ที่ทันสมัยสะดวก และ ได้มาตรฐานสากล โดยทีมแพทย์ผู้เชี่ยวชาญ จากหลากหลายสาขา ได้แก่ อายุรแพทย์ยาเคมีบำบัด แพทย์รังสีรักษา ศัลยแพทย์ พยาธิแพทย์ วิสัญญีแพทย์ระงับความเจ็บปวด ทีมพยาบาล รวมถึงนักกำหนดอาหาร,การรักษาด้วยรังสีรักษา (Radiation Therapy Clinic) มีความปลอดภัยด้านรังสีสูง มีการวางแผนการรักษา ด้วยคอมพิวเตอร์ ที่แม่นยำ ส่งผลให้มีประสิทธิภาพสูง ในการรักษา และด้วยเครื่องฉายรังสีที่ทันสมัย ทำให้สามารถรักษาโรคที่ซับซ้อนได้ เช่น มะเร็งสมอง มะเร็งหลังโพรงจมูก มะเร็งปอด และมะเร็งต่อมลูกหมาก มีทีมแพทย์ นักฟิสิกส์ นักรังสีเทคนิค พยาบาล ที่มีความเชี่ยวชาญ ด้านรังสีรักษาโดยผู้รับบริการ สามารถเลือกเวลารับการฉายรังสี ได้ตามความต้องการ การรักษาด้วยเคมีบำบัด (Chemotherapy Clinic) บริการให้ยาเคมีโดยพยาบาลที่มีความรู้ความชำนาญ ในห้องให้การรักษาที่เป็นส่วนตัว ญาติสามารถเข้าอยู่เป็นเพื่อนผู้รับบริการได้ โดยแบ่งเป็นห้องให้การรักษาด้วยเตียงนอน 5 ห้อง และเก้าอี้ผ่อนคลาย 5 ห้อง มีการให้คำแนะนำและคำปรึกษาเพื่อเตรียมความพร้อมทั้งด้านร่างกายและจิตใจก่อนให้ยาเคมีบำบัดรวมทั้งให้การดูแลและประเมินผลข้างเคียงระหว่างให้ยาเคมีบำบัดอย่างใกล้ชิดโดยทีมพยาบาล นวัตกรรมการรักษา Hyperthermia “เทคโนโลยีเสริมการรักษาโรคมะเร็งเป็นการรักษาร่วมกับวิธีการรักษาหลัก เช่นการฉายรังสี การให้ยาเคมีบำบัด โดยอุณหภูมิความร้อนที่ใช้อยู่ระหว่าง 41-43 องศาเซลเซียส ซึ่งเป็นอุณหภูมิที่ส่งผลให้เซลล์มะเร็งตอบสนองต่อการฉายรังสีและยาเคมีบำบัดมากยิ่งขึ้น ทำให้เซลล์มะเร็งมีขนาดเล็กลงจากกรณีศึกษาผู้ป่วยโรคมะเร็งกระเพาะปัสสาวะในระยะลุกลาม ได้เข้ารับการรักษาด้วยการฉายรังสีควบคู่กับการ รักษาด้วยความร้อน Hyperthermia ตัวอย่างกรณีศึกษาผู้ป่วยชาย อายุ 66 ปี ได้รับการวินิจฉัยว่าเป็นมะเร็งกระเพาะปัสสาวะในระยะลุกลาม มีปัญหาเรื่องการปัสสาวะเป็นเลือด หลังผู้ป่วยเข้ารับการรักษา 1 เดือน พบว่าอาการปัสสาวะเป็นเลือดหายไป และ มะเร็งมีขนาดเล็กลงดังภาพ,https://www.siphhospital.com/th/medical-services/treatment-center/cancer-center
ศูนย์ระบบการหายใจ,ชั้น 3 โซน C,วันจันทร์-วันอาทิตย์เวลา 07:00-21:00 น.,โทร:1474กด 1,ศูนย์ระบบการหายใจ โรงพยาบาลศิริราช ปิยมหาราชการุณย์ ให้บริการตรวจวินิจฉัยและรักษาผู้ที่มีปัญหาเกี่ยวกับระบบการหายใจ โดยใช้หลักการประเมินคัดกรอง ตรวจวินิจฉัย สืบค้นโรค ให้การดูแลรักษา และทำหัตถการเฉพาะทาง โดยทีมแพทย์ และพยาบาลที่มีความรู้ ประสบการณ์ และความชำนาญในการดูแลผู้ป่วยโรคระบบการหายใจ มีการติดตามผลการตรวจรักษา และการดูแลอย่างต่อเนื่อง เพื่อให้ผู้ป่วยมีคุณภาพชีวิตที่ดีขึ้น,ตรวจวินิจฉัย รับปรึกษาเพื่อทำ Advanced Pulmonary Intervention เช่น การส่องกล้องหลอดลม (Bronchoscopy) Rigid bronchoscopy การเจาะปอด (Thoracentesis และ Pleural tapping) หน่วยตรวจสมรรถภาพปอด (Pulmonary Function Testing : PFT) ประเมินความพร้อมระบบการหายใจก่อนผ่าตัด (Pre-operation) ตรวจคัดกรองโรคมะเร็งปอด (Lung Cancer Screening) ตรวจรักษาผู้ป่วยต้องการเลิกบุหรี่ (Smoking Cessation Clinic) บริการเครื่องอัดอากาศแรงดันบวก (Continuous Positive Airway Pressure : CPAP) ดูแลต่อเนื่องผู้ป่วยที่ต้องใช้เครื่องช่วยหายใจ และอุปกรณ์บำบัดออกซิเจนที่บ้าน (Home Ventilator & Oxygen Therapy) ฟื้นฟูสมรรถภาพปอด สำหรับผู้ป่วยโรคปอดเรื้อรัง ตรวจการนอนหลับ (Sleep Test) สร้างเสริมสุขภาพและวัคซีนโรคระบบการหายใจ (Respiratory Health Promotion & Vaccination) เพื่อให้ผู้ป่วยสามารถดูแลตนเองได้อย่างถูกต้อง เหมาะสม และมีคุณภาพชีวิตที่ดีต่อไป ให้บริการผู้ที่มีปัญหา และอาการทางโรคระบบการหายใจ ได้แก่ ไอ ไอเรื้อรัง ไอเป็นเลือด หายใจเหนื่อย หายใจไม่สะดวก ปรึกษาเรื่องผล Film Chest X-ray ที่ผิดปกติ มีก้อนในปอด (Lung Mass) มีน้ำในช่องเยื่อหุ้มปอด (Pleural Effussion) ให้บริการผู้ที่ได้รับการตรวจวินิจฉัยว่าเป็นโรค ได้แก่ ปอดอักเสบ (Pneumonia) โรคหืด (Asthma) โรคปอดอุดกั้นเรื้อรัง (Chronic Obstructive Pulmonary Disease : COPD) โรคหลอดลมโป่งพอง (Bronchiectasis) โรควัณโรคปอด (Tuberculosis :TB) ตรวจคัดกรองผู้สัมผัสผู้ป่วยวัณโรคปอด ภาวะหยุดหายใจขณะนอนหลับ (Obstructive Sleep Apnea : OSA) โรคพังผืดสะสมในปอด (Idiopathic pulmonary fibrosis : IPF) Interstitial lung disease (ILD) ภาวะความดันหลอดเลือดปอดสูง (Pulmonary Hypertension : PH) โรคลิ่มเลือดอุดกั้นในปอด (Pulmonary embolism : PE),https://www.siphhospital.com/th/medical-services/treatment-center/chest-center
ศูนย์โรคไต,ชั้น 6 โซน C,ศูนย์โรคไต บริการฟอกเลือดวันจันทร์-วันเสาร์  เวลา 06:00-21:00 น.ศูนย์อายุรกรรมโรคไตและทางเดินปัสสาวะวันจันทร์-วันอาทิตย์  เวลา 07:00-21:00 น.,โทร:1474กด 1,เราให้บริการตรวจวินิจฉัยและดูแลรักษาผู้ป่วยโรคไตทั้งแบบเรื้อรังและเฉียบพลัน โดยทีมแพทย์ที่มีความเชี่ยวชาญเฉพาะทางและบุคลากรทางการแพทย์ที่มีประสบการณ์ในการดูแลผู้ป่วยโรคไต อาทิ ความผิดปกติเกี่ยวกับสมดุลของกรด-ด่างและเกลือแร่ในร่างกาย ไตวายเฉียบพลัน โรคไตเรื้อรัง โรคไตที่เกิดจากภาวะความดันโลหิตสูงและโรคเบาหวาน โรคไตอักเสบ โรคถุงน้ำที่ไต กลุ่มอาการอัลปอร์ต ภาวะโปรตีนรั่วในปัสสาวะ การผ่าตัดปลูกถ่ายไตจากผู้บริจาคที่มีสุขภาพแข็งแรงด้วยเครื่องมือการแพทย์ที่ทันสมัย เพื่อให้การรักษามีประสิทธิภาพมากยิ่งขึ้น และช่วยให้ผู้ป่วยสามารถใช้ชีวิตประจำวันได้ใกล้เคียงปกติ นอกจากนี้ ยังมีการทำงานร่วมกับทีมสหสาขาที่พร้อมให้คำปรึกษาและให้คำแนะนำในการดูแลผู้ป่วยโรคไต เพื่อช่วยให้ผู้ป่วยปฏิบัติตัวได้อย่างถูกต้องและเหมาะสม,ศูนย์โรคไต โรงพยาบาลศิริราช ปิยมหาราชการุณย์ ให้บริการตรวจวินิจฉัยเพื่อรักษาโรคและความผิดปกติของไต อาทิ ผู้ป่วยที่มีความเสี่ยงต่อการเกิดโรคไตและผู้ที่เป็นโรคไตเรื้อรัง ควรได้รับการตรวจร่างกายและการตรวจทางห้องปฏิบัติการ ได้แก่ การตรวจเลือดเพื่อประเมินการทำงานของไต เช่น ตรวจระดับยูเรียไนโตรเจนในเลือด (BUN) ตรวจระดับครีเอตินิน (creatinine) และคำนวณอัตราการกรองของไตโดยประมาณ [estimated glomerular filtration rate (eGFR)] คิดจากระดับของครีเอตินิน (เป็นวิธีมาตรฐานในการใช้ตรวจหาโรคไตเรื้อรังหรือความผิดปกติอื่นๆ เกี่ยวกับไต) การตรวจเลือดประเมินภาวะแทรกซ้อนของโรคไต เช่น ตรวจความสมบูรณ์ของเม็ดเลือด ความเข้มข้นของเม็ดเลือดแดง และอัตราส่วนของเม็ดเลือดขาว ตรวจส่วนประกอบของเกลือแร่ในร่างกาย (โซเดียม โพแทสเซียม คลอไรด์ แคลเซียม ฟอสเฟต) ตรวจปริมาณโปรตีนในเลือด ตรวจระดับคอเรสเตอรอล ตรวจระดับน้ำตาลและน้ำตาลสะสมในเลือด การตรวจปัสสาวะ เช่น ระดับโปรตีนในปัสสาวะถือเป็นตัวบ่งชี้ปัญหาโรคไตที่สำคัญ ผู้ป่วยโรคไตเรื้อรังควรได้รับการติดตามปริมาณโปรตีนในปัสสาวะอย่างต่อเนื่อง การตรวจปัสสาวะและตะกอนในปัสสาวะ (เพื่อตรวจหาโรคไตเรื้อรังและบ่งบอกถึงชนิดของโรคไต) การตรวจวัดสัดส่วนของอัลบูมินต่อครีเอตินินในปัสสาวะ การตรวจวัดสัดส่วนของโปรตีนต่อครีเอตินินในปัสสาวะ การตรวจทางรังสี เช่น การอัลตราซาวนด์ไต (Renal Ultrasound) การตรวจเส้นเลือดไตโดยใช้คลื่นเสียงความถี่สูง (Kidney Doppler) การเอกซเรย์คอมพิวเตอร์ (CT scan) การตรวจด้วยคลื่นแม่เหล็กไฟฟ้า (Magnetic Resonance Angiography) การตรวจทางนิวเคลียร์ (Renal Scan)การดูแลรักษาผู้ป่วยโรคไต เช่น การชะลอความเสื่อมของไตโดยการรักษาและควบคุมสาเหตุของโรคไต เช่น โรคเบาหวาน ความดันโลหิตสูง โรคไตอักเสบ โรคถุงน้ำในไต โรคนิ่วที่ไต การสูบบุหรี่ และการควบคุมระดับโปรตีนที่รั่วออกมาในปัสสาวะ การรักษาภาวะแทรกซ้อน เช่น ภาวะเลือดจาง ระดับเกลือแร่ในเลือดผิดปกติ และความผิดปกติทางกระดูกและเมตาบอลิก การบำบัดทดแทนไต เช่น การฟอกเลือดด้วยเครื่องไตเทียม ใช้วิธีการฟอกเลือดผ่านทางเส้นเลือดที่เตรียมไว้ด้วยระบบน้ำที่มีความบริสุทธิ์ เป็นกระบวนการฟอกที่มีประสิทธิภาพสูงมาก เพราะนอกจากสามารถขจัดของเสียที่มีโมเลกุลขนาดเล็กได้แล้ว ยังสามารถขจัดของเสียโมเลกุลขนาดใหญ่ในร่างกาย ซึ่งการฟอกไตแบบเดิมไม่สามารถทำได้ การรักษาด้วยการบำบัดทดแทนไตอย่างต่อเนื่อง (Continuous Renal Replacement Therapy: CRRT) มีประสิทธิภาพในการกำจัดของเสีย และปรับสมดุลกรด-ด่างในร่างกาย โดยมีผลกระทบต่อระบบไหลเวียนโลหิตน้อยกว่าการฟอกเลือดปกติ เหมาะสำหรับผู้ป่วยที่มีสัญญาณชีพไม่คงที่ และอยู่ในหอผู้ป่วยวิกฤตที่ต้องได้รับการติดตามสัญญาณชีพตลอดเวลา การล้างไตผ่านช่องท้องสำหรับผู้ป่วยโรคไตวายเรื้อรัง โดยการใส่น้ำยาฟอกเลือดผ่านทางสายที่เตรียมไว้เข้าช่องท้อง เกิดการแลกเปลี่ยนของเสียผ่านทางผนังช่องท้องแล้วจึงปล่อยออก การผ่าตัดปลูกถ่ายไตจากผู้บริจาคที่มีสุขภาพแข็งแรง (มีข้อจำกัดทางกฎหมายสำหรับผู้ป่วยชาวต่างชาติ) บริการด้านการให้คำแนะนำแก่ผู้ป่วย เช่น โปรแกรมโรคไตเรื้อรัง แพทย์ผู้เชี่ยวชาญโรคไตและทีมสหสาขาร่วมกันดูแลผู้ป่วยโดยจัดให้มีการให้ความรู้และคำปรึกษาแก่ผู้ป่วย เพื่อชะลอความเสื่อมของโรคไตเรื้อรังและป้องกันภาวะแทรกซ้อนต่างๆ การให้คำปรึกษาด้านโภชนาการ การให้ความรู้แก่ผู้ป่วยโรคไตเรื้อรังที่จำเป็นต้องจำกัดปริมาณโปรตีน เกลือ ฟอสฟอรัส และโพแทสเซียม เพื่อป้องกันไม่ให้เกิดอาการแทรกซ้อน,https://www.siphhospital.com/th/medical-services/treatment-center/kidney-center
ศูนย์โรคภูมิแพ้,ชั้น 3 โซน D,วันจันทร์-วันอาทิตย์เวลา 08:00-20:00 น.,โทร:1474กด 1,ให้บริการตรวจวินิจฉัย ประเมินผลการรักษา และรักษาอาการภูมิแพ้อย่างครบวงจร ตั้งแต่เด็กอายุ 28 วันถึงผู้ใหญ่ โดยแพทย์ผู้เชี่ยวชาญเฉพาะทางด้านภูมิแพ้และภูมิคุ้มกันที่ได้รับการฝึกอบรมจากทั้งในประเทศและต่างประเทศ พร้อมเครื่องมือทางการแพทย์ที่ทันสมัย  และบุคลากรทางการแพทย์ที่ได้รับการฝึกอบรมเพื่อดูแลผู้ป่วยได้อย่างมีประสิทธิภาพ ด้วยบริการที่อบอุ่นและเป็นกันเอง มีการติดตามผลการรักษาอย่างต่อเนื่องเพื่อให้ผู้ป่วยสามารถดูแลตนเองได้อย่างถูกต้องและเหมาะสม สร้างเสริมสุขภาพและคุณภาพชีวิตที่ดีต่อไป,ให้บริการตรวจวินิจฉัยและการรักษาอาการภูมิแพ้ที่ครอบคลุมตั้งแต่ ภูมิแพ้ทางเดินหายใจ ภาวะแพ้อาหารและยา ภูมิแพ้ผิวหนัง และภูมิแพ้ตา ทั้งเด็กและผู้ใหญ่ อาทิ การวิเคราะห์และการรักษาโรคภูมิแพ้ โรคหืด โรคตาอักเสบภูมิแพ้ จมูกอักเสบภูมิแพ้และไซนัส การวิเคราะห์โรคภูมิแพ้ที่เกิดจากการแพ้อาหารและยา  การวิเคราะห์และรักษาโรคลมพิษ ผิวหนังอักเสบภูมิแพ้ และผื่นแพ้สัมผัส การวิเคราะห์และรักษาโรคไอเรื้อรัง การวิเคราะห์และประเมินภาวะแพ้ลาเทกซ์ การดูแลรักษาผู้ป่วยที่แพ้รุนแรง การดูแลผู้ป่วยที่ได้รับผลไม่พึงประสงค์จากการใช้ยา การรักษาโรคภูมิแพ้โดยการให้วัคซีน ให้คำแนะนำเกี่ยวกับเทคนิคการใช้ยารักษาโรคภูมิแพ้และหอบหืด ผู้ป่วยเด็กหรือผู้ใหญ่ที่มีพื้นฐานเป็นโรคภูมิแพ้ และมีอาการที่เกี่ยวข้องกับโรคพื้นฐาน ผู้ป่วยเด็กหรือผู้ใหญ่ที่มีพื้นฐานเป็นโรคภูมิแพ้และต้องการรับวัคซีนป้องกันโรค,https://www.siphhospital.com/th/medical-services/treatment-center/allergy-center
ศูนย์เวชศาสตร์ฟื้นฟู,ชั้น 3 โซน C,วันจันทร์- วันอาทิตย์เวลา 07:00-21:00 น.,โทร:1474กด 1,เรามีบริการอย่างครบวงจร สำหรับการตรวจประเมินการรักษา การป้องกัน และการฟื้นฟูสมรรถภาพแก่ท่านที่มีปัญหาภาวะโรคต่างๆ หรือปัญหาอวัยวะของร่างกายเสื่อมสมรรถภาพ อันส่งผลต่อการทำงานและคุณภาพชีวิตที่ลดลง ผู้ป่วยกลุ่มอาการปวดระบบกระดูก กล้ามเนื้อ และเส้นประสาท เช่น ปวดหลัง ปวดคอ ออฟฟิศซินโดรม โดยวิธีไม่ผ่าตัด บำบัดฟื้นฟูผู้ป่วยอัมพฤกษ์ อัมพาต ร่างกายเสื่อมสมรรถภาพ ฟื้นฟูสมรรถภาพหัวใจและปอด ผู้สูงอายุ ผู้ที่มีปัญหาการเดิน เท้าผิดรูป โดยทีมแพทย์เวชศาสตร์ฟื้นฟู นักกายภาพบำบัด และนักกิจกรรมบำบัดด้วยวิธีใช้ยา การฟื้นฟูและบำบัดด้วยเครื่องมือและเทคโนโลยีที่ทันสมัย ร่วมกับการออกกำลังกาย ฝังเข็ม เพื่อช่วยให้ผู้ป่วยกลับไปใช้ชีวิตได้ตามปกติ เพื่อคุณภาพชีวิตที่ดีขึ้น,การตรวจภายใน เช่น ภาวะตกขาวผิดปกติ (Abnormal vaginal discharge) ประจำเดือนผิดปกติ (Abnormal Menstruation) ปวดท้องน้อย (Pelvic pain) ปวดท้องประจำเดือน (Dysmenorrhea) การตรวจคัดกรองมะเร็งปากมดลูก (Pap Smear test) การตรวจหาเชื้อไวรัสที่เป็นสาเหตุของมะเร็งปากมดลูก (HPV DNA) การตรวจอัลตร้าซาวด์ (Ultrasound) ตรวจอัลตร้าซาวด์ทางหน้าท้อง (Transabdominal Ultrasound) ตรวจอัลตร้าซาวด์ทางช่องคลอด (Transvaginal Ultrasound) ตรวจอัลตร้าซาวด์ทางทวารหนัก (Transrectal Ultrasound) การตรวจรอยโรคในโพรงมดลูก ด้วยการฉีดน้ำเกลือผ่านสายยางเข้าไปในโพรงมดลูกแล้วตรวจด้วยเครื่องอัลตราซาวด์ (Ultrasound with Saline Infusion Sonohysterography) การตัดติ่งเนื้อที่ปากมดลูก (Twisted / Polypectomy) การเก็บตัวอย่างชิ้นเนื้อภายในโพรงมดลูก (Endometrial sampling) การตรวจและรักษาเนื้องอกมดลูกและรังไข่โดยการผ่าตัด การผ่าตัดแบบเปิดหน้าท้อง (Abdominal surgery) การผ่าตัดผ่านกล้อง (Laparoscopic surgery) การส่องกล้องโพรงมดลูก (Hysteroscopy) การส่งตรวจเอ็กซเรย์โพรงมดลูก (Hysterosalpingography) การผ่าตัดทำหมันผ่านกล้อง (Laparoscopic Tubal Sterilization) การผ่าตัดแก้หมัน (Tuboplasty) การรักษาผู้ป่วยโรคเพศสัมพันธ์สตรี (Sexual transmissted disease) ให้คำปรึกษาภาวะมีบุตรยาก (Infertility) ภาวะวัยทอง (Menopausal disorder) ประจำเดือนผิดปกติ (Abnormal menstruation) ปวดประจำเดือน (Dysmenorrhea) ปวดท้องน้อยเรื้อรัง (Chronic Pelvic Pain) การส่งตรวจความหนาแน่นของกระดูก (Bone density) การส่งตรวจเอกซเรย์เต้านม (Mammogram/Ultrasound) การตรวจระบบทางเดินปัสสาวะทางนรีเวช เช่น การตรวจและรักษาอวัยวะอุ้งเชิงกรานหย่อน (Pelvic Organ Prolapse) โดยการผ่าตัด เช่น การผ่าตัดมดลูกออกทางช่องคลอดและเย็บผนังช่องคลอด (Vaginal hysterectomy and AP repair) การตรวจรักษาภาวะไอจามปัสสาวะเล็ด (Stress Urinary Incontinence) โดยการผ่าตัดการรักษาภาวะกลุ่มอาการผิดปกติบริเวณกระเพาะปัสสาวะ (Painful Bladder Syndrome) มะเร็งระบบสืบพันธุ์สตรี เช่น การตรวจมะเร็งปากมดลูกโดยใช้กล้องขยาย (Colposcopy) การตัดตัวอย่างชิ้นเนื้อจากปากมดลูก (Cervical Biopsy) การคุมกำเนิดวางแผนครอบครัว เช่น การกินยาคุมกำเนิด (Oral Contraceptive Pill) การฉีดยาคุมกำเนิด (Contraceptive Injection) การใส่ห่วงคุมกำเนิด (Intrauterine Device) การฝังยาคุมกำเนิด (Contraceptive implant),https://www.siphhospital.com/th/medical-services/treatment-center/rehabilitation-center
ศูนย์ศัลยกรรม,ชั้น 2 โซน E,วันจันทร์-วันอาทิตย์เวลา 07:00-21:00 น.,โทร:1474กด 1,ให้บริการตรวจวินิจฉัยและรักษาโรคทางด้านศัลยกรรม โดยทีมศัลยแพทย์เฉพาะทางที่มีประสบการณ์และมีความเชี่ยวชาญในการตรวจรักษาด้วยอุปกรณ์การแพทย์ ที่ทันสมัยและมีประสิทธิภาพ จึงสามารถให้บริการตรวจรักษาผู้ป่วยได้อย่างแม่นยำ ปลอดภัย พร้อมทีมบุคลากรทางการแพทย์ที่ให้การดูแลต้อนรับอย่างรวดเร็วและเป็นมิตร,ศูนย์ศัลยกรรม โรงพยาบาลศิริราช ปิยมหาราชการุณย์ ให้บริการครอบคลุมเกี่ยวข้องการศัลยกรรมในด้านต่างๆ ได้แก่ ศัลยกรรมทั่วไป เช่น ศัลยกรรมสมองและระบบประสาท ศัลยกรรมสำหรับเด็ก ศัลยกรรมระบบทางเดินปัสสาวะ ศัลยกรรมหลอดเลือด ศัลยกรรมตกแต่ง ศัลยกรรมศีรษะ คอ และเต้านม การให้บริการผ่าตัดแบบทั่วไป เช่น โรคหลอดอาหารตับ มะเร็ง สิ่งแปลกปลอมในหลอดอาหาร โรคระบบทางเดินอาหาร ตับ ถุงน้ำดี ตับอ่อน โรคทางลำไส้ใหญ่ เช่น ไส้ติ่ง ไส้เลื่อน ภาวะอุดตันจากมะเร็ง ติ่งเนื้อในลำไส้ใหญ่ ลำไส้ใหญ่ทะลุ เลือดออกในลำไส้ใหญ่ ริดสีดวงทวารหนักฝี คัณฑสูตร มะเร็งทวารหนัก ปวดทวารหนัก และคันทวาร โรคพิการแต่กำเนิด เช่น ไม่มีรูทวาร หลอดอาหารผิดปกติ ผนังหน้าท้องไม่มี ไส้เลื่อน นิ่วในถุงอัณฑะ อัณฑะไม่อยู่ในถุงอัณฑะแต่กำเนิด โรคเกี่ยวกับเต้านม ก้อนเนื้อชนิดต่างๆ ของผิวหนัง โรคที่เกี่ยวกับอุบัติเหตุจราจร ไฟไหม้ น้ำร้อนลวก ตกจากที่สูง,https://www.siphhospital.com/th/medical-services/treatment-center/surgery-center
ศูนย์หัวใจ,ชั้น 4 โซน C,วันจันทร์-วันอาทิตย์เวลา 07:00-19:00 น.,โทร:1474กด 1,เราให้บริการตรวจวินิจฉัยอาการผิดปกติด้านหัวใจ และให้การรักษาผู้ป่วยโรคหัวใจที่มีความซับซ้อน ด้วยความเชี่ยวชาญในการรักษาจากทีมแพทย์เฉพาะทางที่มากด้วยประสบการณ์ พร้อมอุปกรณ์การแพทย์ที่ทันสมัย ในการตรวจวินิจฉัยและการรักษาโรคหัวใจที่ได้มาตรฐานสากล รวมไปถึงห้องปฏิบัติการสวนหัวใจ ห้องปฏิบัติการผ่าตัดหัวใจ และหอผู้ป่วยวิกฤตโรคหัวใจ (CCU) ที่พร้อมด้วยอุปกรณ์การแพทย์ครบครัน เพื่อความปลอดภัยสูงสุดของผู้ป่วย ในทัศนียภาพที่สวยงาม ร่มรื่น ริมแม่น้ำเจ้าพระยา เพื่อการพักฟื้นในบรรยากาศที่ผ่อนคลาย จึงมั่นใจได้ว่าผู้ป่วยจะได้รับการรักษาและการใส่ใจดูแลอย่างอบอุ่นเสมือนครอบครัวเดียวกันทั้งก่อนและหลังการรักษา,การตรวจวินิจฉัยโรคหัวใจ ความผิดปกติของหัวใจ เช่น การติดตามการทำงานของคลื่นหัวใจ การตรวจหลอดเลือดหัวใจด้วยเครื่องเอกซเรย์คอมพิวเตอร์ การตรวจหัวใจด้วยสนามแม่เหล็ก การตรวจปฏิบัติการหัวใจ การฟื้นฟูและส่งเสริมสมรรถภาพหัวใจ การตรวจหัวใจด้วยคลื่นเสียงสะท้อนความถี่สูงผ่านผนังหน้าอก การตรวจหัวใจด้วยคลื่นเสียงสะท้อนความถี่สูงผ่านทางหลอดอาหาร การตรวจสมรรถภาพหัวใจโดยใช้โดบูตามีนกระตุ้น (กรณีผู้ป่วยไม่สามารถออกกำลังกายได้) การตรวจสรีรวิทยาไฟฟ้าหัวใจ การตรวจดูหลอดเลือดด้วยเครื่องวินิจฉัยสนามแม่เหล็ก การบันทึกคลื่นหัวใจ 24-48 ชั่วโมง รวมถึงการเฝ้าระวังความผิดปกติ การทดสอบระบบประสาทอัตโนมัติหัวใจด้วยเตียงปรับระดับ การตรวจฉีดสารทึบรังสีสวนหัวใจและหลอดเลือดหัวใจ การฉีดสีตรวจหลอดเลือดคอที่ไปเลี้ยงสมอง การฉีดสีตรวจหลอดเลือดเลี้ยงแขนขา การตรวจสมรรถภาพหัวใจขณะออกกำลังกาย การตรวจทางสรีรวิทยาไฟฟ้าหัวใจ สำหรับผู้ป่วยหัวใจเต้นผิดจังหวะ รวมถึงการรักษาด้วยคลื่นวิทยุความถี่สูง (Ablation) การรักษาโรคหัวใจ จำพวก กลุ่มไฟฟ้าหัวใจ เช่น การใส่เครื่องช็อคไฟฟ้าหัวใจอัตโนมัติชนิดผ่าตัดฝังติดตัวผู้ป่วย (Automatic Implantable Cardioverter Defibrillator: AICD) การใส่เครื่องกระตุ้นไฟฟ้าหัวใจและช่วยการบีบตัวหัวใจ (Cardiac Resynchronization Therapy: CRT/CRTD) การรักษาโรคหัวใจเต้นผิดจังหวะด้วยเครื่องกระตุ้นไฟฟ้าหัวใจ (Pacemaker) การรักษาโรคหัวใจเต้นผิดจังหวะด้วยคลื่นวิทยุความถี่สูงผ่านสายสวน (Radiofrequency Catheter Ablation of Cardiac Arrhythmias) กลุ่มหลอดเลือด เช่น การขยายหลอดเลือดแดงส่วนปลายตีบผ่านการทำบอลลูนและขดลวด การรักษาโรคหลอดเลือดแดงใหญ่โป่งพอง (Aortic Aneurysm) การผ่าตัดซ่อมแซมหลอดเลือดแดงโป่งพองในช่องท้อง การผ่าตัดสอดสายสวนเพื่อรักษาโรคหลอดเลือดโป่งพองในช่องท้อง การผ่าตัดสอดสายสวนเพื่อรักษาโรคหลอดเลือดโป่งพองในทรวงอก กลุ่มหัวใจพิการแต่กำเนิด เช่น การรักษาโรคหัวใจแต่กำเนิดโดยการสวนหัวใจ การผ่าตัดปิดเส้นเลือด (Ductus Arteriosus)  การผ่าตัดปิดรูรั่วผนังหัวใจห้องบน / การผ่าตัดปิดรูรั่วผนังหัวใจห้องล่าง การผ่าตัดซ่อมหลอดเลือดสำหรับโรคหัวใจพิการแต่กำเนิดที่มีความซับซ้อน กลุ่มลิ้นหัวใจ เช่น การผ่าตัดซ่อมแซมลิ้นหัวใจ การผ่าตัดเปลี่ยนลิ้นหัวใจ การเปลี่ยนลิ้นหัวใจผ่านทางสายสวน (TAVI) กลุ่มหลอดเลือดหัวใจ เช่น การขยายหลอดเลือดหัวใจด้วยบอลลูนและใส่ขดลวด (Percutaneous Coronary Intervention: PCI) การผ่าตัดทำทางเบี่ยงหลอดเลือดหัวใจ (Coronary Artery Bypass Graft: CABG),https://www.siphhospital.com/th/medical-services/treatment-center/heart-center
ศูนย์หู คอ จมูก,ชั้น 3 โซน D,วันจันทร์-วันอาทิตย์เวลา 07:00-21:00 น.,โทร:1474กด 1,ศูนย์หู คอ จมูก โรงพยาบาลศิริราช ปิยมหาราชการุณย์ ให้บริการตรวจวินิจฉัยและรักษาอาการที่เกี่ยวข้องกับหู คอ และจมูกได้อย่างถูกต้องแม่นยำทั้งในเด็กและผู้ใหญ่ ครอบคลุมตั้งแต่การให้คำปรึกษาที่ใส่ใจในรายละเอียด รวมไปถึงการรักษาและการผ่าตัดในโรคที่มีความซับซ้อน ด้วยทีมแพทย์ที่มีความเชี่ยวชาญเฉพาะทางด้านหู คอ จมูก พร้อมเครื่องมือทางการแพทย์ที่ทันสมัย และบุคลากรทางการแพทย์ที่ได้รับการฝึกอบรมเพื่อดูแลผู้ป่วยที่มีปัญหาได้อย่างมีประสิทธิภาพ ด้วยบริการที่อบอุ่นและเป็นกันเอง,การตรวจวินิจฉัยและรักษาความผิดปกติที่เกี่ยวข้องกับหู คอ จมูก เช่น การตรวจโรคที่เกี่ยวกับช่องปาก ลำคอ และกล่องเสียง เช่น ทอนซิลอักเสบ คออักเสบ ไอเรื้อรัง เสียงแหบ กลืนลำบาก โรคที่เกี่ยวข้องกับต่อมไทรอยด์ การตรวจโรคที่เกี่ยวกับโพรงจมูก เช่น จมูกอักเสบเรื้อรัง ไซนัสอักเสบ ภูมิแพ้ การได้รับกลิ่นผิดปกติ ติ่งเนื้อโพรงจมูก ผนังกั้นจมูกคด การตรวจสอบและวิเคราะห์ความผิดปกติของการนอนหลับ (Sleep Lab Test) การตรวจสอบภาวะนอนกรนและหยุดหายใจขณะหลับ การตรวจโรคที่เกี่ยวกับหูและการได้ยิน เช่น หูน้ำหนวก ปวดหู หูอื้อ หูตึงเฉียบพลัน การได้ยินบกพร่อง มีเสียงผิดปกติในหู เวียนศีรษะ บ้านหมุน โรคที่เกี่ยวข้องกับการทรงตัว การตรวจเนื้องอก หรือโรคมะเร็งหู คอ จมูก ทุกชนิด การตรวจกล่องเสียงและวินิจฉัยความผิดปกติทางการพูด การส่องกล้องตรวจคอหอย กล่องเสียง หลอดลม และหลอดอาหาร การรักษาอนามัยของเส้นเสียง การผ่าตัดโรคหรือความผิดปกติของหู คอ จมูก เช่น การผ่าตัดต่อมทอนซิลอักเสบ และต่อมอะดีนอยด์ การผ่าตัดตกแต่งเพดานอ่อน ลิ้นไก่ และผนังคอหอยเพื่อแก้ไข ภาวะนอนกรน และการหยุดหายใจขณะหลับ การผ่าตัดมะเร็งช่องคอ ช่องปาก และโพรงจมูก การผ่าตัดหูชั้นกลาง การผ่าตัดโพรงจมูกและไซนัสด้วยกล้องเอ็นโดสโคป (Endoscopic Sinus Surgery) การผ่าตัดต่อมไทรอยด์ การผ่าตัดรักษาความผิดปกติของผนังกั้นจมูก (Obstructed Nose Makeover) และ การรักษาอื่น ๆ เช่น การใช้คลื่นความถี่วิทยุเพื่อรักษาอาการคัดจมูก คัน จาม น้ำมูกไหล และน้ำมูกไหลลงคอ การฝึกพูด การบริหารเพื่อรักษาอาการเวียนศีรษะ การรักษาโรคจมูกอักเสบเรื้อรังด้วยคลื่นวิทยุ (Radiofrequency Volumetric Tissue Reduction: RFVTR),https://www.siphhospital.com/th/medical-services/treatment-center/ear-nose-throat-center
ศูนย์ออร์โธปิดิกส์,ชั้น 2 โซน A,วันจันทร์-วันอาทิตย์เวลา 07:00-21:00 น.,โทร:1474กด 1,เจาะลึกการดูแลรักษาโรคเฉพาะทาง ด้วยทีมศัลยแพทย์ออร์โธปิดิกส์ ผู้เชี่ยวชาญเฉพาะทางในการตรวจวินิจฉัย และประสบการณ์การผ่าตัด พร้อมเทคโนโลยีการแพทย์ที่ทันสมัย,การบาดเจ็บจากการกีฬา ศัลยกรรมอุบัติเหตุทางกระดูกและข้อ ศัลยกรรมเกี่ยวกับเนื้องอกของกระดูกและกล้ามเนื้อ ศัลยกรรมการเปลี่ยนข้อสะโพกเทียม ข้อเข่าเทียม ศัลยกรรมกระดูกสันหลัง ศัลยกรรมเกี่ยวกับมือ ศัลยกรรมเส้นประสาททั่วไป โรคทางออร์โธปิดิกส์ในเด็ก โรคกระดูกซึ่งสืบเนื่องมาจากความผิดปกติ ของการทำงานของเซลล์กระดูก รวมถึงภาวะกระดูกพรุน ให้บริการตรวจวินิจฉัยและรักษาอย่างครบวงจร ผ่าตัดจัดแนวกระดูกหรือเปลี่ยนข้อเทียมเพื่อรักษาโรคข้อเข่า ข้อสะโพกและความผิดรูปของขา ให้บริการ ตรวจวินิจฉัย และรักษาความผิดปกติ ความผิดรูปของเท้า ข้อเท้า โดยทีมแพทย์ผู้เชี่ยวชาญ ทางออร์โธปิดิกส์ และ เทคโนโลยีการรักษา อย่างครบวงจร ให้บริการตรวจวินิจฉัย และ รักษาความผิดปกติ ที่เกี่ยวกับมือและข้อมือ รวมถึงความผิดปกติ เกี่ยวกับเส้นประสาทและการต่อกระดูกแขนที่ขาด ให้บริการตรวจวินิจฉัยและรักษาโรคที่เกิดจากการทำงานของเซลล์ ที่ผิดปกติไป เช่น โรคกระดูกพรุนหรือโรคที่มีการสร้างกระดูกผิดปกติ ให้บริการตรวจวินิจฉัย และ รักษาโรคเนื้องอกมะเร็ง ของกระดูก และเนื้อเยื่อเกี่ยวกัน ให้บริการตรวจวินิจฉัย และรักษาความผิดปกติ ความผิดรูป กระดูกแขนในเด็ก รวมทั้งให้การรักษา โรคกระดูกหักข้อเคลื่อน ในเด็กที่เกิดจากอุบัติเหตุ ให้บริการตรวจวินิจฉัย และ รักษาโรคความผิดปกติ ของกระดูกสันหลังในเด็กและผู้ใหญ่ รวมทั้งโรคกระดูกสันหลังจากอุบัติเหตุ ให้บริการตรวจวินิจฉัย และ ดูแลรักษาผู้ป่วย ที่ได้รับบาดเจ็บ จากการเล่นกีฬา ให้บริการตรวจวินิจฉัยและรักษาโรคกระดูกข้อเคลื่อนที่เกิดจากอุบัติเหตุ,https://www.siphhospital.com/th/medical-services/treatment-center/orthopaedic-center
ศูนย์อายุรกรรม,ชั้น 2 โซน D,วันจันทร์-วันอาทิตย์เวลา 07:00-21:00 น.,โทร:1474กด 1,ศูนย์อายุรกรรม โรงพยาบาลศิริราช ปิยมหาราชการุณย์ ให้บริการตรวจวินิจฉัยผู้ป่วย ที่มีปัญหาสุขภาพทั่วไป ผู้ป่วยที่มีภาวะเจ็บป่วยเฉียบพลันรวมไปถึงผู้ป่วย ที่มีความซับซ้อนของโรค ด้วยทีมแพทย์ที่มีประสบการณ์และมีความเชี่ยวชาญด้านอายุรกรรมทุกสาขา ที่พร้อมให้คำปรึกษาและการตรวจรักษาอย่างถูกต้อง แม่นยำ และปลอดภัยสูงสุดแก่ผู้ป่วย ด้วยเทคโนโลยีทางการแพทย์ที่มีมาตรฐานระดับสากล พร้อมให้บริการ และ การดูแลรักษาด้วยความอบอุ่นเสมือนเป็นครอบครัวเดียวกัน,ศูนย์อายุรกรรม โรงพยาบาลศิริราช ปิยมหาราชการุณย์ ให้บริการตรวจวินิจฉัยเพื่อรักษาโรคและความผิดปกติทางด้านอายุรกรรมทุกสาขา อาทิ ระบบสมองและประสาท โรคระบบทางเดินหายใจ โรคข้อและรูมาติสซั่ม โรคติดเชื้อ โรคปอด จิตเวช ปัจฉิมวัย อายุรกรรมทั่วไป,https://www.siphhospital.com/th/medical-services/treatment-center/internal-medicine-center
ศูนย์เอกซเรย์,ชั้น 1 โซน D,ทุกวัน ตลอด 24 ชั่วโมง(ผู้ป่วยนัดหมาย 07:00-21:00 น.),โทร:1474กด 1,บริการตรวจวิเคราะห์หาสาเหตุของโรคทุกระบบด้วยภาพถ่ายทางรังสีครอบคลุมการตรวจทางรังสีทั่วไป (Digital Radiography) และการตรวจพิเศษต่างๆ ประกอบด้วย Fluoroscopy Ultrasound Mammogram Computer Tomography (CT) Magnetic resonance imaging (MRI) และให้บริการวินิจฉัยและรักษาด้วยรังสีร่วมรักษา (Angiogram) ประกอบด้วย Breast Intervention Body Intervention (Vascular และ Non vascular ) Neuro Intervention โดยทีมรังสีแพทย์ผู้เชี่ยวชาญและบุคลากรที่มีความรู้ความชำนาญ ด้วยเครื่องมืออุปกรณ์ที่ทันสมัยและมีความละเอียดแม่นยำอย่างครบวงจรด้วยมาตรฐานระดับสากลศูนย์ระบบการหายใจ,ตรวจหาความผิดปกติของสมอง ตรวจหาความผิดปกติของระบบกระดูกสันหลังและไขสันหลัง ตรวจหาความผิดปกติของหลอดเลือดในสมองและลำตัว โดยไม่ต้องฉีดสารทึบรังสี ตรวจหาความผิดปกติของเนื้อเยื่อกล้ามเนื้อ กระดูกส่วนต่างๆ รวมทั้งการฉีกขาดของกล้ามเนื้อ เส้นเอ็นบริเวณข้อกระดูก เช่น ข้อเข่า ตรวจหาความผิดปกติที่เกิดขึ้นกับอวัยวะในอุ้งเชิงกราน เช่น มดลูก ต่อมลูกหมาก และกระเพาะปัสสาวะ ตรวจหาความผิดปกติต่างๆ บริเวณทรวงอก หัวใจ ช่องท้อง ท้องและเต้านมสตรี การตรวจพิเศษอื่นทางเอ็ม อาร์ ไอ อื่นๆ เช่น MR Perfusion หรือ MR spectroscopy,https://www.siphhospital.com/th/medical-services/treatment-center/x-ray-center